{"locale":"vi-vn","nextPageUrl":"https://api.msn.com/v1/news/Feed/Windows?activityId=771A823E274A4D1CA5AD87527BFD31C9&timeOut=5000&ocid=windows-windowsShell-feeds&apikey=qrUeHGGYvVowZJuHA3XaH0uUvg1ZJ0GUZnXk3mxxPF&Treatment=T6&experience=Taskbar&MaximumDimensions=660x640&AppVersion=1&osLocale=en-US&User=m-13A204C59837485986DDDF90A41A7CE5&newsSkip=52&$skip=1&caller=Scroll","nextRequestUrl":"https://api.msn.com:443/v1/news/Feed/Windows?","landingPageUrl":"https://www.msn.com:443/vi-vn/feed","flyoutUrl":"https://windows.msn.com:443/shell?osLocale=en-US","flyoutUrlV2":"https://windows.msn.com:443/shellv2?osLocale=en-US","serviceContext":{"apiVersion":"v1","fdHead":"prg-1sw-3extnews,prg-1sw-aqpn,prg-1sw-aqwd,prg-1sw-cprefix,prg-1sw-cstkscroll,prg-1sw-curnctl,prg-1sw-disca,prg-1sw-dksm-c,prg-1sw-dummy,prg-1sw-edw,prg-1sw-fincha,prg-1sw-finqtst,prg-1sw-finxap,prg-1sw-hce,prg-1sw-idxtsd,prg-1sw-ipthl2,prg-1sw-jptd,prg-1sw-otel,prg-1sw-p1wtrclm,prg-1sw-pde0,prg-1sw-prdedupmt-c,prg-1sw-precc,prg-1sw-rv2bp,prg-1sw-sfrp,prg-1sw-sfymbq3,prg-1sw-spaipv2,prg-1sw-srdus,prg-1sw-swbdgro,prg-1sw-swexp,prg-1sw-swfallback,prg-1sw-tbrcounter,prg-1sw-tf-load-wid,prg-1sw-tpdstr-c,prg-1sw-wxfallbak,prg-1sw-wxlfrc,prg-1sw-wxtsflk8,prg-1sw-wxwdicon,prg-1sw-xapgrid","serviceActivityId":"932c6edc-659b-4ec3-b711-342ab71fb59a","tmpl":"PinnedHeadline:AA1a1T6M;SageUserStatus:0_0_0_5;lowT:0;SportsMatch-13;ClickCohort:0;prod-template:1;TeaserVisibility_cold:1;SportsMatch_all:1;RR:0;WasRecoNewUser:1;topStories-5;tbn:0;lowC:0;ULatLon0:0;coldStart:1;WeatherSummary-2;ClientIpFallbackCohort:C_W;userInitiated:1;triggercf;triggercf_ip;PageViewCount0;TeaserTemp_cold:1;FixIds:0;SevereWeather_cold:1;GANone:1;TrafficDelays-11;UsingClientIpUserProfile:1;MyFeed;Nowcast_cold:1;HasClientIpUserProfile:1;IMArticleNegUser:0;StockQuote-9;WildFire_cold:1;coldStartUpsell:1","debugInfo":"layout:wpo","responseCreationDateTime":"2023-04-19T04:33:26.4832301Z","requestHeaderMuid":"13a204c5-9837-4859-86dd-df90a41a7ce5","debugId":"932c6edc-659b-4ec3-b711-342ab71fb59a|2023-04-19T04:33:26.4832165Z|fabric:/msn|KOC|News_80","callerType":"Api"},"expirationDateTime":"2023-04-22T04:33:26.4831994Z","showBadge":true,"previews":{"displayDurationMs":60000,"defaultPreview":{"relatedCardId":-1,"adaptiveCards":{"small":{"type":"AdaptiveCard","version":"1.0","id":"WP_Small_Normal","body":[{"type":"Container","items":[{"type":"ColumnSet","columns":[{"type":"Column","width":"auto","items":[{"type":"Image","url":"https://assets.msn.com/weathermapdata/1/static/weather/Icons/taskbar_v3/Condition/MostlyCloudyDay.svg","horizontalAlignment":"center"}],"verticalContentAlignment":"center"},{"type":"Column","width":"auto","items":[{"type":"TextBlock","text":"30°C","spacing":"none"}]},{"type":"Column","width":"stretch","items":[{"type":"TextBlock","text":"Nhiều mây","spacing":"none"}]}]}]}]}},"additionalCards":[],"previewType":"Weather:NormalWeather_NormalWeather_wxnw_TkBs-0","notificationMetadata":{"pnpNotificationType":"Weather_NormalWeather"}},"rotationalCount":0,"badgingInfo":{"isPreviewBadged":false}},"settings":{"refreshIntervalMinutes":34,"feedEnabled":true,"webView2Enabled":false,"webView2EnabledV1":false,"flyoutV2EndpointEnabled":false},"dimensions":{"hoverHeight":640},"regions":{"river":{"subSections":[{"template":"halfu","cards":[{"id":"AA19YTvG","type":"article","title":"Thấy gì từ việc phim Mỹ Tâm rời rạp với 12 tỷ đồng?","abstract":"TPO - Sau 9 ngày phát hành, “Tri âm the movie: Người giữ thời gian” rời rạp với doanh thu hơn 12 tỷ đồng. Đây là một nước cờ có tính toán của Mỹ Tâm và ê-kíp.","url":"https://www.msn.com/vi-vn/entertainment/news/thấy-gì-từ-việc-phim-mỹ-tâm-rời-rạp-với-12-tỷ-đồng/ar-AA19YTvG","locale":"vi-vn","isLocalContent":false,"publishedDateTime":"2023-04-17T23:40:15Z","feed":{"id":"Y_e746966d-a3e9-480a-b6e7-ef5ba17c569f","feedName":"Người nổi tiếng","lastFreActionTimestamp":0},"isFeatured":false,"images":[{"width":2000,"height":1333,"url":"https://th.bing.com/th?id=ORMS.b3317ba9ac6a2f0b5bc7a233cec2e52d&pid=Wdp","title":"Phần lớn thời lượng phim chủ yếu kể lại quá trình Mỹ Tâm thực hiện live show Tri âm.","caption":"Phần lớn thời lượng phim chủ yếu kể lại quá trình Mỹ Tâm thực hiện live show Tri âm.","source":"msn","colorSamples":[{"isDarkMode":true,"hexColor":"#332A33","isGreyScale":false},{"isDarkMode":false,"hexColor":"#E3D8EE","isGreyScale":false}]}],"colorSamples":[{"isDarkMode":true,"hexColor":"#332A33","isGreyScale":false},{"isDarkMode":false,"hexColor":"#E3D8EE","isGreyScale":false}],"provider":{"id":"BBzjdiV","name":"Tiền Phong","logoUrl":"https://img-s-msn-com.akamaized.net/tenant/amp/entityid/BBzKiqv.img","profileId":"vid-k8q7rwhyq2fr2q5fqkg4cdbwpkxtyxhdb9j70q37if8w453qhyes"},"category":"entertainment","reactionSummary":{"totalCount":13,"subReactionSummaries":[{"totalCount":7,"type":"downvote"},{"totalCount":6,"type":"upvote"}]},"reactionStatus":"on","commentStatus":"off","position":0,"cardId":7,"recoId":"foHz_ogEwXwIUSXSXFLFSPSgAm"},{"type":"WeatherSummary","isLocalContent":false,"position":0,"data":"{\"responses\":[{\"weather\":[{\"alerts\":[],\"current\":{\"baro\":1004.0,\"cap\":\"Nhiều mây\",\"capAbbr\":\"Nhiều mây\",\"daytime\":\"d\",\"dewPt\":23.0,\"feels\":32.0,\"rh\":69.0,\"icon\":4,\"symbol\":\"d3000\",\"pvdrIcon\":\"4\",\"wx\":\"\",\"sky\":\"BKN\",\"temp\":30.0,\"uv\":4.0,\"uvDesc\":\"Trung bình\",\"vis\":10.0,\"windDir\":360,\"windSpd\":7.0,\"windGust\":26.0,\"created\":\"2023-04-19T11:05:49+07:00\",\"pvdrCap\":\"Nhiều mây\",\"cloudCover\":61.0},\"forecast\":{\"days\":[{\"hourly\":[{\"rh\":67.0,\"icon\":4,\"symbol\":\"d3000\",\"pvdrIcon\":\"4\",\"precip\":0.0,\"sky\":\"BKN\",\"temp\":31.0,\"valid\":\"2023-04-19T12:00:00+07:00\",\"windSpd\":7.0},{\"rh\":67.0,\"icon\":3,\"symbol\":\"d2000\",\"pvdrIcon\":\"3\",\"precip\":0.0,\"sky\":\"SCT\",\"temp\":32.0,\"valid\":\"2023-04-19T13:00:00+07:00\",\"windSpd\":7.0},{\"rh\":67.0,\"icon\":3,\"symbol\":\"d3000\",\"pvdrIcon\":\"3\",\"precip\":0.0,\"sky\":\"SCT\",\"temp\":33.0,\"valid\":\"2023-04-19T14:00:00+07:00\",\"windSpd\":7.0},{\"rh\":67.0,\"icon\":3,\"symbol\":\"d2000\",\"pvdrIcon\":\"3\",\"precip\":0.0,\"sky\":\"SCT\",\"temp\":33.0,\"valid\":\"2023-04-19T15:00:00+07:00\",\"windSpd\":6.0},{\"rh\":72.0,\"icon\":3,\"symbol\":\"d2000\",\"pvdrIcon\":\"3\",\"precip\":1.0,\"sky\":\"SCT\",\"temp\":33.0,\"valid\":\"2023-04-19T16:00:00+07:00\",\"windSpd\":6.0}],\"daily\":{\"day\":{\"symbol\":\"d2000\",\"windSpd\":9.0,\"summaries\":[\"Dự báo trời hơi nắng.\",\"Vào ngày này, trời sẽ rất ẩm ướt với mức nhiệt cao là 33°.\"]},\"night\":{\"symbol\":\"n3000\",\"windSpd\":6.0,\"summaries\":[\"Trời sẽ hầu như nhiều mây.\",\"Nhiệt độ thấp là 25°.\"]},\"pvdrCap\":\"Nắng rải rác\",\"valid\":\"2023-04-19T00:00:00+07:00\",\"icon\":3,\"symbol\":\"d2000\",\"pvdrIcon\":\"3\",\"precip\":1.0,\"rhHi\":97.0,\"rhLo\":70.0,\"tempHi\":33.0,\"tempLo\":25.0,\"uv\":6.0,\"uvDesc\":\"Cao\",\"created\":\"2023-04-19T11:00:00+07:00\",\"rainAmount\":0.0,\"snowAmount\":0.0},\"almanac\":{\"valid\":\"2023-04-19T00:00:00+07:00\",\"sunrise\":\"2023-04-19T05:34:43+07:00\",\"sunset\":\"2023-04-19T18:15:40+07:00\"}},{\"hourly\":[],\"daily\":{\"day\":{\"symbol\":\"d3000\",\"windSpd\":7.0},\"night\":{\"symbol\":\"n2000\",\"windSpd\":5.0},\"pvdrCap\":\"Nhiều mây\",\"valid\":\"2023-04-20T00:00:00+07:00\",\"icon\":4,\"symbol\":\"d3000\",\"pvdrIcon\":\"4\",\"precip\":3.0,\"rhHi\":97.0,\"rhLo\":71.0,\"tempHi\":33.0,\"tempLo\":25.0,\"uv\":6.0,\"uvDesc\":\"Cao\",\"created\":\"2023-04-19T11:00:00+07:00\",\"rainAmount\":0.0,\"snowAmount\":0.0}},{\"daily\":{\"day\":{\"symbol\":\"d2000\",\"windSpd\":7.0},\"night\":{\"symbol\":\"n2000\",\"windSpd\":11.0},\"pvdrCap\":\"Nắng rải rác\",\"valid\":\"2023-04-21T00:00:00+07:00\",\"icon\":3,\"symbol\":\"d2000\",\"pvdrIcon\":\"3\",\"precip\":3.0,\"rhHi\":93.0,\"rhLo\":67.0,\"tempHi\":34.0,\"tempLo\":26.0,\"uv\":6.0,\"uvDesc\":\"Cao\",\"created\":\"2023-04-19T11:00:00+07:00\",\"rainAmount\":0.0,\"snowAmount\":0.0}},{\"daily\":{\"day\":{\"symbol\":\"d1000\",\"windSpd\":12.0},\"night\":{\"symbol\":\"n2000\",\"windSpd\":10.0},\"pvdrCap\":\"Trời nhiều nắng\",\"valid\":\"2023-04-22T00:00:00+07:00\",\"icon\":2,\"symbol\":\"d1000\",\"pvdrIcon\":\"2\",\"precip\":1.0,\"rhHi\":94.0,\"rhLo\":64.0,\"tempHi\":33.0,\"tempLo\":25.0,\"uv\":7.0,\"uvDesc\":\"Cao\",\"created\":\"2023-04-19T11:00:00+07:00\",\"rainAmount\":0.0,\"snowAmount\":0.0}},{\"daily\":{\"day\":{\"symbol\":\"d2000\",\"windSpd\":12.0},\"night\":{\"symbol\":\"n3000\",\"windSpd\":13.0},\"pvdrCap\":\"Nắng rải rác\",\"valid\":\"2023-04-23T00:00:00+07:00\",\"icon\":3,\"symbol\":\"d2000\",\"pvdrIcon\":\"3\",\"precip\":1.0,\"rhHi\":95.0,\"rhLo\":68.0,\"tempHi\":31.0,\"tempLo\":26.0,\"uv\":6.0,\"uvDesc\":\"Cao\",\"created\":\"2023-04-19T11:00:00+07:00\",\"rainAmount\":0.0,\"snowAmount\":0.0}}]},\"mapsmetadata\":{\"TileImageMetadata\":{\"uris\":{\"202304181200\":\"https://assets.msn.com/weathermapdata/1/{scenario}/041812/{x}_{y}_{z}_{time}.{format}\"}},\"TemperatureGrid\":{\"uris\":{\"202304190200\":\"https://assets.msn.com/weathermapdata/1/{scenario}/{version}_0/{x}_{y}_{z}_{time}00.{format}\"}},\"TemperatureGridRR\":{\"uris\":{\"202304190400\":\"https://assets.msn.com/weathermapdata/1/{scenario}/{version}_1/{x}_{y}_{z}_{time}00.{format}?end=2023041910\"}}},\"contentdata\":[{\"id\":\"wxnw\",\"cid\":25,\"ranking\":2000,\"contenttype\":\"NormalWeather\",\"isSpotlight\":false}],\"provider\":{\"name\":\"Foreca\",\"url\":\"http://www.foreca.com\"}}],\"source\":{\"id\":\"101580142\",\"coordinates\":{\"lat\":20.64636,\"lon\":106.05111},\"location\":{\"TimezoneName\":\"Asia/Ho_Chi_Minh\"}}}],\"userProfile\":{\"locationSettingMode\":\"1\",\"location\":{\"Country\":\"Vietnam\",\"CountryCode\":\"VN\",\"State\":\"Hung Yen\",\"City\":\"Yên Mỹ\",\"UtcOffset\":\"00:00:00\",\"IsLocalized\":true,\"Accuracy\":3122.047119140625,\"Latitude\":20.87929916381836,\"Longitude\":106.04000091552734},\"followedLocations\":[],\"detectedLocation\":{\"Country\":\"Vietnam\",\"CountryCode\":\"VN\",\"State\":\"Hung Yen\",\"City\":\"Yên Mỹ\",\"UtcOffset\":\"00:00:00\",\"IsLocalized\":true,\"Accuracy\":3122.047119140625,\"Latitude\":20.87929916381836,\"Longitude\":106.04000091552734},\"sig\":{\"ut\":0},\"eplant\":{\"ad\":false}},\"isSpotlight\":false,\"units\":{\"temperature\":\"°C\",\"speed\":\"km/giờ\"}}","dataType":"WeatherOverview","cardId":27}]},{"template":"halfu","cards":[{"id":"AA19ZkDF","type":"article","title":"5 cách tự nhiên giúp cải thiện trí nhớ của bạn","abstract":"Trí nhớ kém gây ảnh hưởng xấu đến cuộc sống. Đây cũng là dấu hiệu cho thấy não bộ đang chịu những tác động tiêu cực. Để cải thiện trí...","url":"https://www.msn.com/vi-vn/lifestyle/other/5-cách-tự-nhiên-giúp-cải-thiện-trí-nhớ-của-bạn/ar-AA19ZkDF","locale":"vi-vn","isLocalContent":false,"publishedDateTime":"2023-04-18T05:00:00Z","feed":{"id":"Y_49ccf6f8-8611-4285-8fd4-1a5b19d7b330","feedName":"Đời sống","lastFreActionTimestamp":0},"isFeatured":false,"images":[{"width":800,"height":500,"url":"https://th.bing.com/th?id=ORMS.c6243d7e8604924d93ad3cfa748a471b&pid=Wdp","title":"Chứng hay quên rất nhiều người mắc phải, vì vậy cách cải thiện trí nhớ được nhiều người quan tâm. Ảnh ghép: Mạnh Hoạt.","caption":"Chứng hay quên rất nhiều người mắc phải, vì vậy cách cải thiện trí nhớ được nhiều người quan tâm. Ảnh ghép: Mạnh Hoạt.","focalRegion":{"x1":120,"x2":400,"y1":120,"y2":400},"source":"msn","colorSamples":[{"isDarkMode":true,"hexColor":"#B7E2FB","isGreyScale":false},{"isDarkMode":false,"hexColor":"#B7E2FB","isGreyScale":false}]}],"colorSamples":[{"isDarkMode":true,"hexColor":"#B7E2FB","isGreyScale":false},{"isDarkMode":false,"hexColor":"#B7E2FB","isGreyScale":false}],"provider":{"id":"BB4obrR","name":"Lao Động","logoUrl":"https://img-s-msn-com.akamaized.net/tenant/amp/entityid/AAqrNuc.img","profileId":"vid-ntw6qj4wffh89cyxd4vfw705eb9tcnxyar78sng5isgic6wsjhia"},"category":"lifestyle","reactionSummary":{"totalCount":24,"subReactionSummaries":[{"totalCount":18,"type":"upvote"},{"totalCount":6,"type":"downvote"}]},"reactionStatus":"on","commentStatus":"off","position":0,"cardId":8,"recoId":"foHz_ogEwXwIUSXSXFLFSPSgAm"},{"id":"AA19ZVPc","type":"article","title":"Sáu hãng sản xuất xe điện không được tiếp cận khoản tín dụng 7.500 USD","abstract":"Các mẫu xe mất khả năng tiếp cận khoản ưu đãi tín dụng từ ngày 18/4 bao gồm BMW 330e, BMW X5 xDrive45e, Genesis Electrified GV70, Nissan Leaf, Rivian R1S và R1T, Volkswagen ID.4.","url":"https://www.msn.com/vi-vn/money/news/sáu-hãng-sản-xuất-xe-điện-không-được-tiếp-cận-khoản-tín-dụng-7-500-usd/ar-AA19ZVPc","locale":"vi-vn","isLocalContent":false,"publishedDateTime":"2023-04-18T07:05:28Z","feed":{"id":"Y_c0a6b737-c637-4477-93bc-4d65fbe142fa","feedName":"Tài chính","lastFreActionTimestamp":0},"isFeatured":false,"images":[{"width":620,"height":412,"url":"https://th.bing.com/th?id=ORMS.1a9928fbf9ebcd4c9df22bc0c339e2de&pid=Wdp","title":"BMW X5 xDrive45e. (Nguồn: digitaltrends)","caption":"BMW X5 xDrive45e. (Nguồn: digitaltrends)","source":"msn","colorSamples":[{"isDarkMode":true,"hexColor":"#F0F4F7","isGreyScale":false},{"isDarkMode":false,"hexColor":"#F0F4F7","isGreyScale":false}]}],"colorSamples":[{"isDarkMode":true,"hexColor":"#F0F4F7","isGreyScale":false},{"isDarkMode":false,"hexColor":"#F0F4F7","isGreyScale":false}],"provider":{"id":"BB4fnXQ","name":"VietnamPlus","logoUrl":"https://img-s-msn-com.akamaized.net/tenant/amp/entityid/BBmUtac.img","profileId":"vid-ai92w64dnphxtmix20q9mmwet2yacjdwp2jimtq2h4tfkv2xp08a"},"category":"money","reactionSummary":{"totalCount":3,"subReactionSummaries":[{"totalCount":2,"type":"upvote"},{"totalCount":1,"type":"downvote"}]},"reactionStatus":"on","commentStatus":"off","position":0,"cardId":9,"recoId":"foHz_ogEwXwIUSXSXFLFSPSgAm"}]},{"template":"left1u","cards":[{"type":"infopane","isLocalContent":false,"wpoMetadata":{"contentType":"topStories"},"subCards":[{"id":"AA1a2cjm","type":"article","title":"Cựu trợ lý nguyên phó thủ tướng Phạm Bình Minh nhận tiền phê duyệt gần 30 chuyến bay giải cứu","abstract":"Ông Nguyễn Quang Linh - cựu trợ lý của nguyên phó thủ tướng Phạm Bình Minh - bị cáo buộc đã nhận tiền giúp doanh nghiệp được phê duyệt gần 30 chuyến bay giải cứu.","url":"https://www.msn.com/vi-vn/news/other/cựu-trợ-lý-nguyên-phó-thủ-tướng-phạm-bình-minh-nhận-tiền-phê-duyệt-gần-30-chuyến-bay-giải-cứu/ar-AA1a2cjm","locale":"vi-vn","isLocalContent":false,"publishedDateTime":"2023-04-19T01:42:50Z","feed":{"id":"Y_f3f67709-5061-4743-a0a0-189954ec940e","feedName":"Tin nổi bật","lastFreActionTimestamp":0},"isFeatured":false,"images":[{"width":730,"height":987,"url":"https://th.bing.com/th?id=ORMS.fcf95ea03674cbc98eebeff51daddaa8&pid=Wdp","title":"Cựu trợ lý nguyên Phó thủ tướng Phạm Bình Minh nhận hối lộ 4,2 tỉ đồng vụ chuyến bay giải cứu - Ảnh 1.","caption":"Cựu trợ lý nguyên Phó thủ tướng Phạm Bình Minh nhận hối lộ 4,2 tỉ đồng vụ chuyến bay giải cứu - Ảnh 1.","focalRegion":{"x1":206,"x2":517,"y1":293,"y2":604},"source":"msn","colorSamples":[{"isDarkMode":true,"hexColor":"#DCDCD4","isGreyScale":false},{"isDarkMode":false,"hexColor":"#DCDCD4","isGreyScale":false}]}],"colorSamples":[{"isDarkMode":true,"hexColor":"#DCDCD4","isGreyScale":false},{"isDarkMode":false,"hexColor":"#DCDCD4","isGreyScale":false}],"provider":{"id":"BB7btxS","name":"Tuổi trẻ","logoUrl":"https://img-s-msn-com.akamaized.net/tenant/amp/entityid/BB9mld4.img","profileId":"vid-adb6aa4wy4eg04xf65wiajnh5ft6ms7u84fu2a6iub5pt2sjvgsa"},"category":"news","reactionSummary":{"totalCount":4,"subReactionSummaries":[{"totalCount":2,"type":"upvote"},{"totalCount":2,"type":"downvote"}]},"reactionStatus":"on","commentStatus":"off","cardId":1,"recoId":"foHz_ogEwXwIUSXSXFLFSPSgAm"},{"id":"AA19Z5Bw","type":"article","title":"Từ cô gái hái chè, mỹ nhân Việt nào khiến cả một triều đại suy tàn?","abstract":"Với sắc đẹp được miêu tả là “mày ngài mắt phượng, vẻ người mười phần xinh đẹp” (Hoàng Lê nhất thống chí), Đặng Thị Huệ từ thân phận cô gái hái chè, trở thành nữ tỳ trở rồi thành Tuyên phi, khuấy đảo triều đình chúa Trịnh. Nữ tỳ bỗng thành ái phi Theo sách cũ ghi chép, Đặng Thị Huệ (không rõ năm sinh năm mất), quê ở làng Trà Hương, huyện Phù Đổng, trấn Kinh Bắc, nay thuộc huyện Gia Lâm, Hà Nội, trong một gia đình nghèo khó, làm nghề hái chè kiếm...","url":"https://www.msn.com/vi-vn/entertainment/news/từ-cô-gái-hái-chè-mỹ-nhân-việt-nào-khiến-cả-một-triều-đại-suy-tàn/ar-AA19Z5Bw","locale":"vi-vn","isLocalContent":false,"publishedDateTime":"2023-04-18T03:19:00Z","feed":{"id":"Y_0259a8c9-3b92-444e-8cb6-41b941121086","feedName":"Giải trí","lastFreActionTimestamp":0},"isFeatured":false,"images":[{"width":720,"height":406,"url":"https://th.bing.com/th?id=ORMS.41e08e72e3c97ce16b81a402184a1006&pid=Wdp","title":"Từ cô gái hái chè, mỹ nhân Việt nào khiến cả một triều đại suy tàn? - 1","caption":"<a>Nhờ nhan sắc trời ban, Đặng Thị Huệ được chúa Trịnh Sâm sủng ái.</a>","source":"msn","colorSamples":[{"isDarkMode":true,"hexColor":"#F7E69F","isGreyScale":false},{"isDarkMode":false,"hexColor":"#F7E69F","isGreyScale":false}]}],"colorSamples":[{"isDarkMode":true,"hexColor":"#F7E69F","isGreyScale":false},{"isDarkMode":false,"hexColor":"#F7E69F","isGreyScale":false}],"provider":{"id":"BBLaap","name":"VTC","logoUrl":"https://img-s-msn-com.akamaized.net/tenant/amp/entityid/BBZJRUS.img","profileId":"vid-s3sn65i6jf4e0yc20waiwm645k4973vnj0rat5d009n9u8ihix9a"},"category":"entertainment","reactionSummary":{"totalCount":48,"subReactionSummaries":[{"totalCount":33,"type":"upvote"},{"totalCount":15,"type":"downvote"}]},"reactionStatus":"on","commentStatus":"off","cardId":2,"recoId":"foHz_ogEwXwIUSXSXFLFSPSgAm"},{"id":"AA1a1TGA","type":"article","title":"Sự thật về mức độ nguy hiểm của biến thể COVID-19 XBB.1.16 chủng Omicron","abstract":"Theo các chuyên gia y tế, biến thể phụ XBB.1.16 Omicron khiến số ca COVID-19 ở Ấn Độ tăng. Tuy nhiên, chưa có bằng chứng khẳng định có sự gia tăng về độc lực dẫn tới tăng số ca nhập viện, trở nặng hay tử vong.","url":"https://www.msn.com/vi-vn/news/national/sự-thật-về-mức-độ-nguy-hiểm-của-biến-thể-covid-19-xbb-1-16-chủng-omicron/ar-AA1a1TGA","locale":"vi-vn","isLocalContent":false,"publishedDateTime":"2023-04-19T03:08:37Z","feed":{"id":"Y_6b22ec83-135a-4f53-a3f3-417268aa97b5","feedName":"Tin trong nước","lastFreActionTimestamp":0},"isFeatured":false,"images":[{"width":1960,"height":1372,"url":"https://th.bing.com/th?id=ORMS.34807e65ab2d5a0c3fa66b036bd80796&pid=Wdp","title":"Sự thật về mức độ nguy hiểm của biến thể COVID-19 XBB.1.16 chủng Omicron","focalRegion":{"x1":120,"x2":400,"y1":120,"y2":400},"source":"msn","colorSamples":[{"isDarkMode":true,"hexColor":"#2A43A6","isGreyScale":false},{"isDarkMode":false,"hexColor":"#C9D2F6","isGreyScale":false}]}],"colorSamples":[{"isDarkMode":true,"hexColor":"#2A43A6","isGreyScale":false},{"isDarkMode":false,"hexColor":"#C9D2F6","isGreyScale":false}],"provider":{"id":"BB4obrR","name":"Lao Động","logoUrl":"https://img-s-msn-com.akamaized.net/tenant/amp/entityid/AAqrNuc.img","profileId":"vid-ntw6qj4wffh89cyxd4vfw705eb9tcnxyar78sng5isgic6wsjhia"},"category":"news","reactionSummary":{"totalCount":1,"subReactionSummaries":[{"totalCount":1,"type":"downvote"}]},"reactionStatus":"on","commentStatus":"off","cardId":3,"recoId":"foHz_ogEwXwIUSXSXFLFSPSgAm"},{"id":"AA1a1T6M","type":"article","title":"Thủ tướng: Cần chấm dứt tình trạng đùn đẩy, né tránh, sợ trách nhiệm","abstract":"Thủ tướng yêu cầu các thành viên Ban Chỉ đạo cần xác định rõ vai trò, trách nhiệm của mình đối với công cuộc cải cách hành chính của đất nước, của bộ, ngành mình.","url":"https://www.msn.com/vi-vn/news/national/thủ-tướng-cần-chấm-dứt-tình-trạng-đùn-đẩy-né-tránh-sợ-trách-nhiệm/ar-AA1a1T6M","locale":"vi-vn","isLocalContent":false,"publishedDateTime":"2023-04-19T01:43:00Z","feed":{"id":"Y_f3f67709-5061-4743-a0a0-189954ec940e","feedName":"Tin nổi bật","lastFreActionTimestamp":0},"isFeatured":false,"images":[{"width":1888,"height":1218,"url":"https://th.bing.com/th?id=ORMS.f1c20bf48d62641cc0dd97b12c7dd443&pid=Wdp","title":"Thủ tướng Phạm Minh Chính chủ trì Phiên họp thứ tư Ban Chỉ đạo cải cách hành chính của Chính phủ. (Ảnh: Dương Giang/TTXVN)","caption":"Thủ tướng Phạm Minh Chính chủ trì Phiên họp thứ tư Ban Chỉ đạo cải cách hành chính của Chính phủ. (Ảnh: Dương Giang/TTXVN)","focalRegion":{"x1":79,"x2":911,"y1":261,"y2":450},"source":"msn","colorSamples":[{"isDarkMode":true,"hexColor":"#F4F3EF","isGreyScale":false},{"isDarkMode":false,"hexColor":"#F4F3EF","isGreyScale":false}]}],"colorSamples":[{"isDarkMode":true,"hexColor":"#F4F3EF","isGreyScale":false},{"isDarkMode":false,"hexColor":"#F4F3EF","isGreyScale":false}],"provider":{"id":"BB4fnXQ","name":"VietnamPlus","logoUrl":"https://img-s-msn-com.akamaized.net/tenant/amp/entityid/BBmUtac.img","profileId":"vid-ai92w64dnphxtmix20q9mmwet2yacjdwp2jimtq2h4tfkv2xp08a"},"category":"news","reactionSummary":{"totalCount":0},"reactionStatus":"on","commentStatus":"off","cardId":4,"recoId":"foHz_ogEwXwIUSXSXFLFSPSgAm"},{"id":"AA1a1QTR","type":"article","title":"Lời khai của nghi phạm nổ súng bắn gục đối thủ ở Bắc Giang","abstract":"Sáng 19/4, Công an huyện Tân Yên (Bắc Giang) cho biết, đơn vị đang tạm giữ hình sự Dương Đông Hưng (SN 1984, ở thôn Hồ Tiến, xã Hương Vỹ, huyện Yên Thế, Bắc Giang) để điều tra về hành vi giết người. Khoảng 19h35 ngày 18/4, tại khu chợ Gà thuộc thôn Chung, xã Liên Sơn, huyện Tân Yên, Dương Đông Hưng dùng súng (chưa xác định được chủng loại) bắn trọng thương anh Đào Xuân Đang (SN 1974, ở thôn Tân Lập, xã Tân Trung, huyện Tân Yên). Sau khi gây án,...","url":"https://www.msn.com/vi-vn/news/national/lời-khai-của-nghi-phạm-nổ-súng-bắn-gục-đối-thủ-ở-bắc-giang/ar-AA1a1QTR","locale":"vi-vn","isLocalContent":false,"publishedDateTime":"2023-04-19T02:27:01Z","feed":{"id":"Y_6b22ec83-135a-4f53-a3f3-417268aa97b5","feedName":"Tin trong nước","lastFreActionTimestamp":0},"isFeatured":false,"images":[{"width":720,"height":482,"url":"https://th.bing.com/th?id=ORMS.1a07b1ee9a5b853f2f5daac05a91ac6e&pid=Wdp","title":"Lời khai của nghi phạm nổ súng bắn gục đối thủ ở Bắc Giang - 1","caption":"Dương Đông Hưng tại cơ quan Công an huyện Tân Yên. (Ảnh: Công an Bắc Giang).","focalRegion":{"x1":485,"x2":528,"y1":163,"y2":206},"source":"msn","colorSamples":[{"isDarkMode":true,"hexColor":"#E3D6BC","isGreyScale":false},{"isDarkMode":false,"hexColor":"#E3D6BC","isGreyScale":false}]}],"colorSamples":[{"isDarkMode":true,"hexColor":"#E3D6BC","isGreyScale":false},{"isDarkMode":false,"hexColor":"#E3D6BC","isGreyScale":false}],"provider":{"id":"BBLaap","name":"VTC","logoUrl":"https://img-s-msn-com.akamaized.net/tenant/amp/entityid/BBZJRUS.img","profileId":"vid-s3sn65i6jf4e0yc20waiwm645k4973vnj0rat5d009n9u8ihix9a"},"category":"news","reactionSummary":{"totalCount":5,"subReactionSummaries":[{"totalCount":3,"type":"downvote"},{"totalCount":2,"type":"upvote"}]},"reactionStatus":"on","commentStatus":"off","cardId":5,"recoId":"foHz_ogEwXwIUSXSXFLFSPSgAm"},{"id":"AA1a2d7J","type":"article","title":"Cục Đường bộ lên tiếng về việc cấp giấy phép lưu hành xe quá khổ","abstract":"Việc cấp giấy phép lưu hành xe được thực hiện trong những trường hợp đặc biệt nhằm phục vụ phát triển kinh tế-xã hội và bảo đảm an toàn giao thông, an toàn công trình.","url":"https://www.msn.com/vi-vn/news/techandscience/cục-đường-bộ-lên-tiếng-về-việc-cấp-giấy-phép-lưu-hành-xe-quá-khổ/ar-AA1a2d7J","locale":"vi-vn","isLocalContent":false,"publishedDateTime":"2023-04-19T03:04:27Z","feed":{"id":"Y_51caace3-d1a4-4730-a55d-74d11b29fe8b","feedName":"Khoa học & Công nghệ","lastFreActionTimestamp":0},"isFeatured":false,"images":[{"width":620,"height":372,"url":"https://th.bing.com/th?id=ORMS.bedb5e695413a15e4ad41f11506eb8d1&pid=Wdp","title":"Vận chuyển cảnh quạt điện gió. (Ảnh: TTXVN)","caption":"Vận chuyển cảnh quạt điện gió. (Ảnh: TTXVN)","source":"msn","colorSamples":[{"isDarkMode":true,"hexColor":"#CDD5E1","isGreyScale":false},{"isDarkMode":false,"hexColor":"#CDD5E1","isGreyScale":false}]}],"colorSamples":[{"isDarkMode":true,"hexColor":"#CDD5E1","isGreyScale":false},{"isDarkMode":false,"hexColor":"#CDD5E1","isGreyScale":false}],"provider":{"id":"BB4fnXQ","name":"VietnamPlus","logoUrl":"https://img-s-msn-com.akamaized.net/tenant/amp/entityid/BBmUtac.img","profileId":"vid-ai92w64dnphxtmix20q9mmwet2yacjdwp2jimtq2h4tfkv2xp08a"},"category":"news","reactionSummary":{"totalCount":0},"reactionStatus":"on","commentStatus":"off","cardId":6,"recoId":"foHz_ogEwXwIUSXSXFLFSPSgAm"}],"position":0,"cardId":1,"skipBoost":true},{"id":"AA19ZEX9","type":"article","title":"Người Anh vui mừng vì Meghan không dự lễ đăng cơ","abstract":"TPO - Harry về Anh dự lễ đăng cơ của Vua Charles mà không có mặt Meghan Markle. Dân chúng nước Anh thấy vui vì nữ công tước tai tiếng vắng mặt.","url":"https://www.msn.com/vi-vn/entertainment/news/người-anh-vui-mừng-vì-meghan-không-dự-lễ-đăng-cơ/ar-AA19ZEX9","locale":"vi-vn","isLocalContent":false,"publishedDateTime":"2023-04-18T07:24:11Z","feed":{"id":"Y_0259a8c9-3b92-444e-8cb6-41b941121086","feedName":"Giải trí","lastFreActionTimestamp":0},"isFeatured":false,"images":[{"width":2000,"height":1333,"url":"https://th.bing.com/th?id=ORMS.182c6ba3ab7c7096fdc1e2141ad98170&pid=Wdp","title":"Meghan Markle không về Anh dự lễ đăng cơ của Vua Charles.","caption":"Meghan Markle không về Anh dự lễ đăng cơ của Vua Charles.","focalRegion":{"x1":308,"x2":414,"y1":226,"y2":332},"source":"msn","colorSamples":[{"isDarkMode":true,"hexColor":"#2F2930","isGreyScale":false},{"isDarkMode":false,"hexColor":"#FBE9DB","isGreyScale":false}]}],"colorSamples":[{"isDarkMode":true,"hexColor":"#2F2930","isGreyScale":false},{"isDarkMode":false,"hexColor":"#FBE9DB","isGreyScale":false}],"provider":{"id":"BBzjdiV","name":"Tiền Phong","logoUrl":"https://img-s-msn-com.akamaized.net/tenant/amp/entityid/BBzKiqv.img","profileId":"vid-k8q7rwhyq2fr2q5fqkg4cdbwpkxtyxhdb9j70q37if8w453qhyes"},"category":"entertainment","reactionSummary":{"totalCount":11,"subReactionSummaries":[{"totalCount":6,"type":"upvote"},{"totalCount":5,"type":"downvote"}]},"reactionStatus":"on","commentStatus":"off","position":0,"cardId":10,"recoId":"foHz_ogEwXwIUSXSXFLFSPSgAm"},{"id":"AA1a2cVk","type":"article","title":"Gia đình nhận bồi thường vụ nữ diễn viên qua đời vì rơi từ độ cao 10 m","abstract":"TPO - Gia đình nữ diễn viên xiếc gặp tai nạn qua đời nhận bồi thường 1,4 triệu NDT (khoảng 4,7 tỷ đồng). Chồng nạn nhân ký hòa giải không truy cứu trách nhiệm công ty, để đơn vị tổ chức sự kiện tiếp tục công việc.","url":"https://www.msn.com/vi-vn/entertainment/news/gia-đình-nhận-bồi-thường-vụ-nữ-diễn-viên-qua-đời-vì-rơi-từ-độ-cao-10-m/ar-AA1a2cVk","locale":"vi-vn","isLocalContent":false,"publishedDateTime":"2023-04-19T02:14:51Z","feed":{"id":"Y_e746966d-a3e9-480a-b6e7-ef5ba17c569f","feedName":"Người nổi tiếng","lastFreActionTimestamp":0},"isFeatured":false,"images":[{"width":650,"height":403,"url":"https://th.bing.com/th?id=ORMS.b62488f06677e315d81f1edc64e592e1&pid=Wdp","title":"Vợ chồng Trương Khải diễn xiếc chuyên nghiệp được 8 năm.","caption":"Vợ chồng Trương Khải diễn xiếc chuyên nghiệp được 8 năm.","source":"msn","colorSamples":[{"isDarkMode":true,"hexColor":"#49498B","isGreyScale":false},{"isDarkMode":false,"hexColor":"#D9E1E7","isGreyScale":false}]}],"colorSamples":[{"isDarkMode":true,"hexColor":"#49498B","isGreyScale":false},{"isDarkMode":false,"hexColor":"#D9E1E7","isGreyScale":false}],"provider":{"id":"BBzjdiV","name":"Tiền Phong","logoUrl":"https://img-s-msn-com.akamaized.net/tenant/amp/entityid/BBzKiqv.img","profileId":"vid-k8q7rwhyq2fr2q5fqkg4cdbwpkxtyxhdb9j70q37if8w453qhyes"},"category":"entertainment","reactionSummary":{"totalCount":3,"subReactionSummaries":[{"totalCount":2,"type":"upvote"},{"totalCount":1,"type":"downvote"}]},"reactionStatus":"on","commentStatus":"off","position":0,"cardId":11,"recoId":"foHz_ogEwXwIUSXSXFLFSPSgAm"}]},{"template":"halfu","cards":[{"id":"AA19ZGSd","type":"article","title":"Taxi điện của tỉ phú Phạm Nhật Vượng bất ngờ xuất hiện tại TP.HCM","abstract":"Trước đó, ngày 14/4, taxi điện này đã hoạt động chính thức tại Hà Nội. Chưa đầy 1 tuần sau khi taxi điện của Công ty CP Di chuyển xanh và Thông minh (Công ty Xanh SM, do tỉ phú Phạm Nhật Vượng sở hữu 95% cổ phần) lăn bánh tại Hà Nội, trên mạng xã hội xuất hiện một số hình ảnh những chiếc taxi Xanh SM được cho là chụp tại khu vực sân bay Tân Sơn Nhất (TP.HCM). Một số hình ảnh còn thể hiện rõ cả biển số TP.HCM. Trả lời phóng viên Báo Người Lao...","url":"https://www.msn.com/vi-vn/news/national/taxi-điện-của-tỉ-phú-phạm-nhật-vượng-bất-ngờ-xuất-hiện-tại-tp-hcm/ar-AA19ZGSd","locale":"vi-vn","isLocalContent":false,"publishedDateTime":"2023-04-18T07:05:29Z","feed":{"id":"Y_6b22ec83-135a-4f53-a3f3-417268aa97b5","feedName":"Tin trong nước","lastFreActionTimestamp":0},"isFeatured":false,"images":[{"width":720,"height":1221,"url":"https://th.bing.com/th?id=ORMS.f3de045f66783fa81e2e6ccd12dbc475&pid=Wdp","title":"Taxi điện của tỉ phú Phạm Nhật Vượng bất ngờ xuất hiện tại TP.HCM - 1","caption":"<a></a>","source":"msn","colorSamples":[{"isDarkMode":true,"hexColor":"#171D2A","isGreyScale":false},{"isDarkMode":false,"hexColor":"#D6D7DA","isGreyScale":false}]}],"colorSamples":[{"isDarkMode":true,"hexColor":"#171D2A","isGreyScale":false},{"isDarkMode":false,"hexColor":"#D6D7DA","isGreyScale":false}],"provider":{"id":"BBLaap","name":"VTC","logoUrl":"https://img-s-msn-com.akamaized.net/tenant/amp/entityid/BBZJRUS.img","profileId":"vid-s3sn65i6jf4e0yc20waiwm645k4973vnj0rat5d009n9u8ihix9a"},"category":"news","reactionSummary":{"totalCount":31,"subReactionSummaries":[{"totalCount":21,"type":"upvote"},{"totalCount":10,"type":"downvote"}]},"reactionStatus":"on","commentStatus":"off","position":0,"cardId":12,"recoId":"foHz_ogEwXwIUSXSXFLFSPSgAm"},{"type":"StockQuote","isLocalContent":false,"position":0,"data":"{\"userSignedIn\":false,\"dataFrom\":\"watchlist\",\"tabs\":[\"watchlist\",\"market\",\"crypto\",\"currencies\"],\"fullWatchlistQuoteIds\":[],\"dataTimestamp\":1681878806132,\"quoteNotificationIds\":[],\"quoteNotificationDetails\":{\"a24kar\":[{\"notificationType\":\"EarningRelease\",\"shortHeadline\":\"Thu nhập hôm nay\",\"headline\":\"Kết quả thu nhập dự kiến hôm nay sau khi đóng cửa thị trường. Doanh thu đồng thuận $23.36B (+24.52% YoY), ước tính EPS $0.849 (-20.95% YoY).\",\"notification\":\"{\\\"scenario\\\":\\\"Earnings today\\\",\\\"signal\\\":\\\"general\\\",\\\"taskbarHeadline\\\":\\\"Thu nhập\\\",\\\"url\\\":\\\"https://www.msn.com/vi-vn/money/stockdetails/earnings/fi-a24kar?noti=EarningRelease\\\",\\\"EpsForecast\\\":\\\"0.84844\\\",\\\"EpsReported\\\":\\\"\\\",\\\"EpsSurprisePercent\\\":\\\"\\\"}\",\"confidence\":0.8,\"notificationDetail\":{\"scenario\":\"Earnings today\",\"signal\":\"general\",\"taskbarHeadline\":\"Thu nhập\"}}]},\"tabListDetails\":{\"watchlist\":{\"quoteIds\":[],\"quoteItems\":[]},\"market\":{\"quoteIds\":[\"aqk2nm\",\"aopnp2\",\"ah7etc\",\"a9j7bh\",\"avyufr\"],\"quoteItems\":[{\"currency\":\"VND\",\"id\":\"aqk2nm\",\"symbol\":\"VNI\",\"price\":\"1.055,44\",\"priceNumber\":1055.44,\"priceDayLow\":1054.18,\"priceDayHigh\":1058.14,\"priceChange1Month\":10.3,\"price52wHigh\":1458.56,\"price52wLow\":873.78,\"pricePreviousClose\":1055.02,\"changeValue\":\"+0,42\",\"changePcnt\":\"+0,04%\",\"changePcntNumber\":0.03981,\"changeValueNumber\":0.42,\"displayName\":\"VnIndex\",\"shortName\":\"VN Index\",\"gain\":true,\"unchanged\":false,\"securityType\":\"Index\",\"timeLastTraded\":\"2023-04-19T04:18:20+00:00\",\"exchangeName\":\"Hochiminh Stock Exchange\",\"exchangeId\":\"r6e42j\",\"return1Year\":-24.9572,\"returnYTD\":4.801,\"return1Month\":0.9855,\"return1Day\":0.03981},{\"currency\":\"GBP\",\"id\":\"aopnp2\",\"symbol\":\"UKX\",\"price\":\"7.909,44\",\"priceNumber\":7909.44,\"priceDayLow\":7879.51,\"priceDayHigh\":7912.73,\"priceChange1Month\":574.04,\"price52wHigh\":8047.06,\"price52wLow\":7206.82,\"pricePreviousClose\":7879.51,\"changeValue\":\"+29,93\",\"changePcnt\":\"+0,38%\",\"changePcntNumber\":0.3798,\"changeValueNumber\":29.93,\"displayName\":\"FTSE 100\",\"shortName\":\"FTSE 100\",\"gain\":true,\"unchanged\":false,\"securityType\":\"Index\",\"timeLastTraded\":\"2023-04-18T15:35:29+00:00\",\"exchangeName\":\"FTSE Russell Indices\",\"exchangeId\":\"r6e4ff\",\"return1Year\":4.0541,\"returnYTD\":6.1422,\"return1Month\":7.8256,\"return1Day\":0.3798},{\"currency\":\"HKD\",\"id\":\"ah7etc\",\"symbol\":\"HSI\",\"price\":\"20.549,74\",\"priceNumber\":20549.74,\"priceDayLow\":20394.93,\"priceDayHigh\":20633.0,\"priceChange1Month\":1031.15,\"price52wHigh\":22700.85,\"price52wLow\":14597.31,\"pricePreviousClose\":20650.51,\"changeValue\":\"-100,77\",\"changePcnt\":\"-0,49%\",\"changePcntNumber\":-0.488,\"changeValueNumber\":-100.77,\"displayName\":\"Hang Seng\",\"shortName\":\"Hang Seng\",\"gain\":false,\"unchanged\":false,\"securityType\":\"Index\",\"timeLastTraded\":\"2023-04-19T04:05:00+00:00\",\"exchangeName\":\"Hong Kong Stock Exchange\",\"exchangeId\":\"r6e1jh\",\"return1Year\":-2.2733,\"returnYTD\":3.8841,\"return1Month\":5.2829,\"return1Day\":-0.488},{\"currency\":\"JPY\",\"id\":\"a9j7bh\",\"symbol\":\"N225\",\"price\":\"28.552,13\",\"priceNumber\":28552.13,\"priceDayLow\":28531.54,\"priceDayHigh\":28677.22,\"priceChange1Month\":1218.34,\"price52wHigh\":29222.77,\"price52wLow\":25520.23,\"pricePreviousClose\":28658.83,\"changeValue\":\"-106,70\",\"changePcnt\":\"-0,37%\",\"changePcntNumber\":-0.3723,\"changeValueNumber\":-106.7,\"displayName\":\"Nikkei 225\",\"shortName\":\"Nikkei 225\",\"gain\":false,\"unchanged\":false,\"securityType\":\"Index\",\"timeLastTraded\":\"2023-04-19T04:13:20+00:00\",\"exchangeName\":\"Tokyo Stock Exchange\",\"exchangeId\":\"r6dyxp\",\"return1Year\":5.8071,\"returnYTD\":9.4182,\"return1Month\":4.4573,\"return1Day\":-0.3723},{\"currency\":\"VND\",\"id\":\"avyufr\",\"symbol\":\"USDVND\",\"price\":\"23.500,00\",\"priceNumber\":23500.0,\"priceDayLow\":23505.0,\"priceDayHigh\":23510.0,\"priceChange1Month\":-70.0,\"price52wHigh\":24876.0,\"price52wLow\":22840.0,\"pricePreviousClose\":23505.0,\"changeValue\":\"-5,00\",\"changePcnt\":\"-0,02%\",\"changePcntNumber\":-0.02127,\"changeValueNumber\":-5.0,\"displayName\":\"Đô la Mỹ/Việt Nam Đồng\",\"shortName\":\"Đô la Mỹ/Việt Nam Đồng\",\"gain\":false,\"unchanged\":false,\"securityType\":\"CurrencyPair\",\"timeLastTraded\":\"2023-04-19T04:08:45+00:00\",\"exchangeName\":\"Foreign Exchange Rates\",\"exchangeId\":\"r6dwrm\",\"return1Year\":2.3742,\"returnYTD\":-0.4659,\"return1Month\":-0.297,\"return1Day\":-0.02127}]},\"currencies\":{\"quoteIds\":[\"avyufr\",\"av93ec\",\"ave8sm\",\"avyjtc\",\"auxrkr\"]},\"crypto\":{\"quoteIds\":[\"c2111\",\"c2112\",\"c2113\",\"c2114\",\"c2117\"]},\"recommend\":{\"quoteIds\":[\"a24kar\",\"aqjnjc\",\"aqk2nm\",\"ave8sm\",\"ah7etc\"],\"quoteItems\":[{\"currency\":\"USD\",\"id\":\"a24kar\",\"symbol\":\"TSLA\",\"price\":\"184,31\",\"priceNumber\":184.31,\"priceDayLow\":183.5775,\"priceDayHigh\":187.69,\"marketCap\":584136263340.0,\"priceChange1Month\":4.18,\"price52wHigh\":364.073,\"price52wLow\":101.81,\"pricePreviousClose\":187.04,\"changeValue\":\"-2,73\",\"changePcnt\":\"-1,46%\",\"changePcntNumber\":-1.4596,\"changeValueNumber\":-2.73,\"displayName\":\"Tesla Inc\",\"shortName\":\"\",\"gain\":false,\"unchanged\":false,\"securityType\":\"Stock\",\"timeLastTraded\":\"2023-04-18T23:59:58.733+00:00\",\"exchangeName\":\"Nasdaq Stock Market\",\"exchangeId\":\"r6dwop\",\"iconUrl\":\"https://bing.com/th?id=AMMS_7607f338e5c80312ba6a67dc4427f7a0\",\"return1Year\":-46.2203,\"returnYTD\":49.6266,\"return1Month\":2.3205,\"return1Day\":-1.4596},{\"currency\":\"VND\",\"id\":\"aqjnjc\",\"symbol\":\"LDG\",\"price\":\"4.150,00\",\"priceNumber\":4150.0,\"priceDayLow\":4150.0,\"priceDayHigh\":4240.0,\"marketCap\":1065823000000.0,\"priceChange1Month\":-40.0,\"price52wHigh\":29200.0,\"price52wLow\":3000.0,\"pricePreviousClose\":4220.0,\"changeValue\":\"-70,00\",\"changePcnt\":\"-1,66%\",\"changePcntNumber\":-1.6588,\"changeValueNumber\":-70.0,\"displayName\":\"CÔNG TY CỔ PHẦN ĐẦU TƯ LDG\",\"shortName\":\"\",\"gain\":false,\"unchanged\":false,\"securityType\":\"Stock\",\"timeLastTraded\":\"2023-04-19T04:18:19+00:00\",\"exchangeName\":\"Hochiminh Stock Exchange\",\"exchangeId\":\"r6dwp3\",\"return1Year\":-72.3333,\"returnYTD\":3.75,\"return1Month\":-0.9547,\"return1Day\":-1.6588},{\"currency\":\"VND\",\"id\":\"aqk2nm\",\"symbol\":\"VNI\",\"price\":\"1.055,44\",\"priceNumber\":1055.44,\"priceDayLow\":1054.18,\"priceDayHigh\":1058.14,\"priceChange1Month\":10.3,\"price52wHigh\":1458.56,\"price52wLow\":873.78,\"pricePreviousClose\":1055.02,\"changeValue\":\"+0,42\",\"changePcnt\":\"+0,04%\",\"changePcntNumber\":0.03981,\"changeValueNumber\":0.42,\"displayName\":\"VnIndex\",\"shortName\":\"VN Index\",\"gain\":true,\"unchanged\":false,\"securityType\":\"Index\",\"timeLastTraded\":\"2023-04-19T04:18:20+00:00\",\"exchangeName\":\"Hochiminh Stock Exchange\",\"exchangeId\":\"r6e42j\",\"return1Year\":-24.9572,\"returnYTD\":4.801,\"return1Month\":0.9855,\"return1Day\":0.03981},{\"currency\":\"VND\",\"id\":\"ave8sm\",\"symbol\":\"JPYVND\",\"price\":\"174,97\",\"priceNumber\":174.97,\"priceDayLow\":174.94,\"priceDayHigh\":175.46,\"priceChange1Month\":-3.81,\"price52wHigh\":184.17,\"price52wLow\":161.91,\"pricePreviousClose\":175.24,\"changeValue\":\"-0,27\",\"changePcnt\":\"-0,15%\",\"changePcntNumber\":-0.1541,\"changeValueNumber\":-0.27,\"displayName\":\"Đồng Yên Nhật/Việt Nam Đồng\",\"shortName\":\"Đồng Yên Nhật/Việt Nam Đồng\",\"gain\":false,\"unchanged\":false,\"securityType\":\"CurrencyPair\",\"timeLastTraded\":\"2023-04-19T04:33:25+00:00\",\"exchangeName\":\"Foreign Exchange Rates\",\"exchangeId\":\"r6dwrm\",\"return1Year\":-1.7243,\"returnYTD\":-2.816,\"return1Month\":-2.1311,\"return1Day\":-0.1541},{\"currency\":\"HKD\",\"id\":\"ah7etc\",\"symbol\":\"HSI\",\"price\":\"20.549,74\",\"priceNumber\":20549.74,\"priceDayLow\":20394.93,\"priceDayHigh\":20633.0,\"priceChange1Month\":1031.15,\"price52wHigh\":22700.85,\"price52wLow\":14597.31,\"pricePreviousClose\":20650.51,\"changeValue\":\"-100,77\",\"changePcnt\":\"-0,49%\",\"changePcntNumber\":-0.488,\"changeValueNumber\":-100.77,\"displayName\":\"Hang Seng\",\"shortName\":\"Hang Seng\",\"gain\":false,\"unchanged\":false,\"securityType\":\"Index\",\"timeLastTraded\":\"2023-04-19T04:05:00+00:00\",\"exchangeName\":\"Hong Kong Stock Exchange\",\"exchangeId\":\"r6e1jh\",\"return1Year\":-2.2733,\"returnYTD\":3.8841,\"return1Month\":5.2829,\"return1Day\":-0.488}]}},\"financeInterests\":[],\"isUserInterestedInNews\":false,\"taskbarEventNotification\":true,\"nonWatchlistNotification\":false,\"userGroup\":\"NonFinanceUser\",\"userCohort\":{\"sourceBitmap\":[0,0,0,0,0,0]},\"disableSpotlight\":false,\"metaData\":{\"wl\":\"0\",\"fct\":\"Watchlist\",\"mo\":\"0\",\"mv\":\"0.76006\",\"fctm\":\"1.6588\",\"confidenceScore\":\"0.5\",\"IsWatchlistSummaryPreview\":\"0\",\"tabClkProb\":\"0.25\",\"finInterestL\":\"0\",\"finTopicInterestL\":\"0,0,0,0,0,0,0,0,0,0,0,0,0,0,0\"},\"traceInfo\":{\"userId\":\"m-13A204C59837485986DDDF90A41A7CE5\",\"traceId\":\"771A823E274A4D1CA5AD87527BFD31C9\",\"isSignedIn\":false,\"signInType\":\"Unknown\"}}","dataType":"StockQuote","cardId":28}]},{"template":"halfu","cards":[{"id":"AA19ZGQk","type":"article","title":"Hãng pin đối tác của VinFast công bố sản phẩm mới: Sạc 5 phút đi 160km","abstract":"Pin XFC cho xe điện của StoreDot nhẹ hơn, rẻ hơn và sạc lại rất nhanh.","url":"https://www.msn.com/vi-vn/news/techandscience/hãng-pin-đối-tác-của-vinfast-công-bố-sản-phẩm-mới-sạc-5-phút-đi-160km/ar-AA19ZGQk","locale":"vi-vn","isLocalContent":false,"publishedDateTime":"2023-04-18T07:06:00Z","feed":{"id":"Y_6b22ec83-135a-4f53-a3f3-417268aa97b5","feedName":"Tin trong nước","lastFreActionTimestamp":0},"isFeatured":false,"images":[{"width":730,"height":312,"url":"https://th.bing.com/th?id=ORMS.d25e32945a0cacb1039ab1b0ca618849&pid=Wdp","title":"Hãng pin đối tác của VinFast công bố sản phẩm mới: Sạc 5 phút đi 160km - Ảnh 1.","caption":"Hãng pin đối tác của VinFast công bố sản phẩm mới: Sạc 5 phút đi 160km - Ảnh 1.","source":"msn","colorSamples":[{"isDarkMode":true,"hexColor":"#DCDCE4","isGreyScale":false},{"isDarkMode":false,"hexColor":"#DCDCE4","isGreyScale":false}]}],"colorSamples":[{"isDarkMode":true,"hexColor":"#DCDCE4","isGreyScale":false},{"isDarkMode":false,"hexColor":"#DCDCE4","isGreyScale":false}],"provider":{"id":"BB7btxS","name":"Tuổi trẻ","logoUrl":"https://img-s-msn-com.akamaized.net/tenant/amp/entityid/BB9mld4.img","profileId":"vid-adb6aa4wy4eg04xf65wiajnh5ft6ms7u84fu2a6iub5pt2sjvgsa"},"category":"news","reactionSummary":{"totalCount":16,"subReactionSummaries":[{"totalCount":10,"type":"upvote"},{"totalCount":6,"type":"downvote"}]},"reactionStatus":"on","commentStatus":"off","position":0,"cardId":13,"recoId":"foHz_ogEwXwIUSXSXFLFSPSgAm"},{"type":"TrafficDelays","isLocalContent":false,"position":0,"data":"{\"ImpressionFlights\":[\"prg-1sw-trf-lcrevip\"],\"Location\":{\"Country\":\"Vietnam\",\"CountryCode\":\"VN\",\"State\":\"Hung Yen\",\"City\":\"Yên Mỹ\",\"PostalCode\":null,\"UtcOffset\":\"07:00:00\",\"DmaCode\":null,\"IsLocalized\":true,\"Accuracy\":3122.047119140625,\"IsAutoDetected\":true,\"LocationSource\":null,\"Latitude\":20.87929916381836,\"Longitude\":106.04000091552734},\"CenterLocation\":{\"Country\":null,\"CountryCode\":null,\"State\":null,\"City\":null,\"PostalCode\":null,\"UtcOffset\":null,\"DmaCode\":null,\"IsLocalized\":false,\"Accuracy\":-1.0,\"IsAutoDetected\":false,\"LocationSource\":null,\"Latitude\":20.87832973362131,\"Longitude\":106.0415166786657},\"Attribution\":\"Tomtom\",\"Heading\":\"Yên Mỹ\",\"Version\":\"1.0.0.0\",\"TrafficIncidents\":[],\"AreaTrafficDelay\":{\"AreaTrafficCongestion\":2,\"DelayColor\":1,\"AreaDelaySupported\":true},\"TrafficTime\":null,\"TrafficDelays\":[{\"Delay\":5,\"Locality\":\"Hòa Bình\",\"BoundingBoxMin\":{\"Latitude\":20.868367637305752,\"Longitude\":106.0302560104654},\"BoundingBoxMax\":{\"Latitude\":20.89710763730575,\"Longitude\":106.04829601046539},\"TrafficCongestion\":2,\"Incident\":\"QL39 / Đường Hương Lộ 40 SB\",\"DelayColor\":1},{\"Delay\":3,\"Locality\":\"Hòa Bình\",\"BoundingBoxMin\":{\"Latitude\":20.868362867255836,\"Longitude\":106.03023716113076},\"BoundingBoxMax\":{\"Latitude\":20.897102867255835,\"Longitude\":106.04827716113076},\"TrafficCongestion\":2,\"Incident\":\"QL39 / Quốc Lộ 39 NB\",\"DelayColor\":1}],\"TrafficCameras\":[],\"TrafficStatusList\":[{\"Key\":\"construction\",\"StatValue\":8,\"Period\":null},{\"Key\":\"news\",\"StatValue\":39,\"Period\":\"Last24hrs\"}],\"GasStations\":null,\"TrafficAnalytics\":null,\"TransitNearbyLines\":null,\"MyTransitInfoByStop\":null,\"LocationMode\":\"AutoDetect\",\"SupportedArea\":true,\"SuggestedZoomLevel\":13,\"Home\":null,\"Work\":null,\"Routes\":null,\"CustomRoutes\":null,\"DistanceUnit\":\"Kilometers\",\"AvailableInfoTypes\":null,\"InfoTypesForFallback\":[8,255],\"WeatherTrafficComboInfoType\":0,\"CommuteOutcome\":5,\"PreviewInfo\":[],\"BadgeInfo\":[],\"IsSpotlight\":\"0\",\"WPONRTFeatures\":null,\"UpsellEnabledForWpo\":false,\"EnableInlineCommuteUpsell\":false,\"EnableInlineCommuteUpsellWithRewards\":false,\"IsComboCardEligible\":false,\"TrafficInfoType\":8}","cardId":30}]},{"template":"halfu","cards":[{"id":"AA19ZWps","type":"article","title":"Trường hợp không được hưởng chế độ thai sản 2023","abstract":"Theo quy định tại Luật Bảo hiểm xã hội năm 2014 thì người lao động tham gia bảo hiểm xã hội sẽ không được giải quyết hưởng chế độ thai sản khi...","url":"https://www.msn.com/vi-vn/news/national/trường-hợp-không-được-hưởng-chế-độ-thai-sản-2023/ar-AA19ZWps","locale":"vi-vn","isLocalContent":false,"publishedDateTime":"2023-04-18T07:42:18Z","feed":{"id":"Y_6b22ec83-135a-4f53-a3f3-417268aa97b5","feedName":"Tin trong nước","lastFreActionTimestamp":0},"isFeatured":false,"images":[{"width":960,"height":640,"url":"https://th.bing.com/th?id=ORMS.75aa1151b6a3fc54362419590c4c7016&pid=Wdp","title":"Trong một số trường hợp, người lao động sẽ không được hưởng chế độ thai sản. Ảnh minh họa: Hải Nguyễn.","caption":"Trong một số trường hợp, người lao động sẽ không được hưởng chế độ thai sản. Ảnh minh họa: Hải Nguyễn.","focalRegion":{"x1":120,"x2":400,"y1":120,"y2":400},"source":"msn","colorSamples":[{"isDarkMode":true,"hexColor":"#2C3F44","isGreyScale":false},{"isDarkMode":false,"hexColor":"#C0D8E6","isGreyScale":false}]}],"colorSamples":[{"isDarkMode":true,"hexColor":"#2C3F44","isGreyScale":false},{"isDarkMode":false,"hexColor":"#C0D8E6","isGreyScale":false}],"provider":{"id":"BB4obrR","name":"Lao Động","logoUrl":"https://img-s-msn-com.akamaized.net/tenant/amp/entityid/AAqrNuc.img","profileId":"vid-ntw6qj4wffh89cyxd4vfw705eb9tcnxyar78sng5isgic6wsjhia"},"category":"news","reactionSummary":{"totalCount":8,"subReactionSummaries":[{"totalCount":5,"type":"downvote"},{"totalCount":3,"type":"upvote"}]},"reactionStatus":"on","commentStatus":"off","position":0,"cardId":14,"recoId":"foHz_ogEwXwIUSXSXFLFSPSgAm"},{"id":"02bde011-1e9d-3aff-8309-7d07d4031798","type":"SportsMatch","isLocalContent":false,"position":0,"data":"{\"End\":\"638225568000000000\",\"OSCreationTime\":\"4/18/2023 11:04:42 PM\",\"Scenario\":\"SportsFeed\",\"Model\":{\"CardType\":\"SportsMatch\",\"DataType\":\"TeamVsTeam\",\"PrimaryColorHex\":\"380038\",\"PrimaryEntityId\":\"02bde011-1e9d-3aff-8309-7d07d4031798\",\"PrimaryEntityImage\":\"AAYdj7O\",\"PrimaryEntityLoc\":\"DisplayText_Soccer_EnglandPremierLeague\",\"PrimaryEntityName\":\"Premier League\",\"PrimaryEntityType\":\"League\",\"ShowBackgroundImage\":\"False\",\"Version\":\"2\",\"SkinnyRanking\":\"[{\\\"LocalizedName\\\":\\\"Premier League\\\",\\\"SatoriId\\\":\\\"02bde011-1e9d-3aff-8309-7d07d4031798\\\",\\\"FeedId\\\":\\\"Y_2ca041d3-885c-499b-97ee-75768394a46f\\\",\\\"ImageId\\\":\\\"AAYdj7O\\\",\\\"EntityType\\\":\\\"League\\\",\\\"IsLive\\\":false,\\\"HasSD \\\":true,\\\"Subtitle\\\":\\\"\\\",\\\"UseSuperDesign\\\":\\\"0\\\",\\\"HasExplicitInterest\\\":false,\\\"ClickThroughUrl\\\":\\\"https://www.msn.com/vi-vn/sports/soccer/premier-league\\\",\\\"Sport\\\":\\\"Soccer\\\"},{\\\"LocalizedName\\\":\\\"Europa League\\\",\\\"SatoriId\\\":\\\"fcf26e59-1c27-8bc8-206f-f8adb170f4a2\\\",\\\"FeedId\\\":\\\"Y_2ca041d3-885c-499b-97ee-75768394a46f\\\",\\\"ImageId\\\":\\\"AA12OE6u\\\",\\\"EntityType\\\":\\\"League\\\",\\\"IsLive\\\":false,\\\"HasSD \\\":true,\\\"Subtitle\\\":\\\"\\\",\\\"UseSuperDesign\\\":\\\"0\\\",\\\"HasExplicitInterest\\\":false,\\\"ClickThroughUrl\\\":\\\"https://www.msn.com/vi-vn/sports/soccer/uefa-europa-league\\\",\\\"Sport\\\":\\\"Soccer\\\"},{\\\"LocalizedName\\\":\\\"La Liga\\\",\\\"SatoriId\\\":\\\"50939367-7e05-543f-3a79-7d4c998285e9\\\",\\\"FeedId\\\":\\\"Y_2ca041d3-885c-499b-97ee-75768394a46f\\\",\\\"ImageId\\\":\\\"AAYdcbj\\\",\\\"EntityType\\\":\\\"League\\\",\\\"IsLive\\\":false,\\\"HasSD \\\":true,\\\"Subtitle\\\":\\\"\\\",\\\"UseSuperDesign\\\":\\\"0\\\",\\\"HasExplicitInterest\\\":false,\\\"ClickThroughUrl\\\":\\\"https://www.msn.com/vi-vn/sports/soccer/la-liga\\\",\\\"Sport\\\":\\\"Soccer\\\"},{\\\"LocalizedName\\\":\\\"Serie A\\\",\\\"SatoriId\\\":\\\"bd48a5b1-961c-df36-94e0-ff284105d179\\\",\\\"FeedId\\\":\\\"Y_2ca041d3-885c-499b-97ee-75768394a46f\\\",\\\"ImageId\\\":\\\"AAYdj8i\\\",\\\"EntityType\\\":\\\"League\\\",\\\"IsLive\\\":false,\\\"HasSD \\\":true,\\\"Subtitle\\\":\\\"\\\",\\\"UseSuperDesign\\\":\\\"0\\\",\\\"HasExplicitInterest\\\":false,\\\"ClickThroughUrl\\\":\\\"https://www.msn.com/vi-vn/sports/soccer/serie-a\\\",\\\"Sport\\\":\\\"Soccer\\\"},{\\\"LocalizedName\\\":\\\"Coppa Italia\\\",\\\"SatoriId\\\":\\\"d3ef0af2-52d9-d6a1-7871-fea8a47e202b\\\",\\\"FeedId\\\":\\\"Y_eeb6c585-0002-4fd7-9221-d0c4798eccb9\\\",\\\"ImageId\\\":\\\"AAYdgZJ\\\",\\\"EntityType\\\":\\\"League\\\",\\\"IsLive\\\":false,\\\"HasSD \\\":true,\\\"Subtitle\\\":\\\"\\\",\\\"UseSuperDesign\\\":\\\"0\\\",\\\"HasExplicitInterest\\\":false,\\\"ClickThroughUrl\\\":\\\"https://www.msn.com/vi-vn/sports/soccer/coppa-italia\\\",\\\"Sport\\\":\\\"Soccer\\\"}]\",\"ImplicitRanking\":\"[]\",\"FeedId\":\"Y_2ca041d3-885c-499b-97ee-75768394a46f\",\"Hash\":\"SportsMatch_TeamVsTeam_02bde011-1e9d-3aff-8309-7d07d4031798_4F906AE9A4260D86\",\"LogMessage\":\"{\\\"id\\\":\\\"02bde011-1e9d-3aff-8309-7d07d4031798\\\",\\\"bv\\\":0.0,\\\"ch\\\":\\\"4F906AE9\\\",\\\"cs\\\":0.35,\\\"ds\\\":0.424931,\\\"ei\\\":0,\\\"he\\\":0,\\\"fv\\\":0.0,\\\"hp\\\":0,\\\"hs\\\":null,\\\"ie\\\":0,\\\"il\\\":0,\\\"iv\\\":0.0,\\\"nc\\\":null,\\\"np\\\":0.0007,\\\"rd\\\":null,\\\"rp\\\":1.0,\\\"rs\\\":2,\\\"td\\\":-33.000179,\\\"pc\\\":0,\\\"mk\\\":\\\"vi-vn\\\"}\",\"UseSuperDesign\":\"0\",\"DefaultTabFocus\":\"0\",\"Badge\":{},\"Notifications\":{},\"Tabs\":[{\"TabType\":\"Articles\",\"TabContent\":\"{\\\"UpdatedDateTime\\\":\\\"4/19/2023 4:12:46 AM\\\",\\\"Articles\\\":{\\\"ContentHash\\\":\\\"F03D4A15BB03AD64\\\",\\\"JsonResponse\\\":\\\"{\\\\\\\"subCards\\\\\\\":[{\\\\\\\"id\\\\\\\":\\\\\\\"AA1a1Z53\\\\\\\",\\\\\\\"type\\\\\\\":\\\\\\\"article\\\\\\\",\\\\\\\"title\\\\\\\":\\\\\\\"U23 Việt Nam có lợi thế tại vòng loại U23 châu Á 2024\\\\\\\",\\\\\\\"url\\\\\\\":\\\\\\\"https://www.msn.com/vi-vn/sports/other/u23-việt-nam-có-lợi-thế-tại-vòng-loại-u23-châu-á-2024/ar-AA1a1Z53\\\\\\\",\\\\\\\"locale\\\\\\\":\\\\\\\"vi-vn\\\\\\\",\\\\\\\"publishedDateTime\\\\\\\":\\\\\\\"2023-04-19T02:22:50Z\\\\\\\",\\\\\\\"images\\\\\\\":[{\\\\\\\"url\\\\\\\":\\\\\\\"https://img-s-msn-com.akamaized.net/tenant/amp/entityid/AA1a1ToN.img\\\\\\\"}],\\\\\\\"provider\\\\\\\":{\\\\\\\"id\\\\\\\":\\\\\\\"BB4obrR\\\\\\\",\\\\\\\"name\\\\\\\":\\\\\\\"Lao Động\\\\\\\",\\\\\\\"logoUrl\\\\\\\":\\\\\\\"https://img-s-msn-com.akamaized.net/tenant/amp/entityid/AAqrNuc.img\\\\\\\"}},{\\\\\\\"id\\\\\\\":\\\\\\\"AA1a24Lo\\\\\\\",\\\\\\\"type\\\\\\\":\\\\\\\"article\\\\\\\",\\\\\\\"title\\\\\\\":\\\\\\\"V.League 2023 sau 7 vòng đấu: Điểm sáng Thanh Hóa, thất vọng Bình Dương\\\\\\\",\\\\\\\"url\\\\\\\":\\\\\\\"https://www.msn.com/vi-vn/sports/other/v-league-2023-sau-7-vòng-đấu-điểm-sáng-thanh-hóa-thất-vọng-bình-dương/ar-AA1a24Lo\\\\\\\",\\\\\\\"locale\\\\\\\":\\\\\\\"vi-vn\\\\\\\",\\\\\\\"publishedDateTime\\\\\\\":\\\\\\\"2023-04-19T00:00:00Z\\\\\\\",\\\\\\\"images\\\\\\\":[{\\\\\\\"url\\\\\\\":\\\\\\\"https://img-s-msn-com.akamaized.net/tenant/amp/entityid/AA1a1ZOS.img\\\\\\\"}],\\\\\\\"provider\\\\\\\":{\\\\\\\"id\\\\\\\":\\\\\\\"BB4obrR\\\\\\\",\\\\\\\"name\\\\\\\":\\\\\\\"Lao Động\\\\\\\",\\\\\\\"logoUrl\\\\\\\":\\\\\\\"https://img-s-msn-com.akamaized.net/tenant/amp/entityid/AAqrNuc.img\\\\\\\"}},{\\\\\\\"id\\\\\\\":\\\\\\\"AA1a0thO\\\\\\\",\\\\\\\"type\\\\\\\":\\\\\\\"article\\\\\\\",\\\\\\\"title\\\\\\\":\\\\\\\"5 cầu thủ không tập cùng U22 Việt Nam\\\\\\\",\\\\\\\"url\\\\\\\":\\\\\\\"https://www.msn.com/vi-vn/sports/other/5-cầu-thủ-không-tập-cùng-u22-việt-nam/ar-AA1a0thO\\\\\\\",\\\\\\\"locale\\\\\\\":\\\\\\\"vi-vn\\\\\\\",\\\\\\\"publishedDateTime\\\\\\\":\\\\\\\"2023-04-18T13:42:09Z\\\\\\\",\\\\\\\"images\\\\\\\":[{\\\\\\\"url\\\\\\\":\\\\\\\"https://img-s-msn-com.akamaized.net/tenant/amp/entityid/AA1a0qKb.img\\\\\\\"}],\\\\\\\"provider\\\\\\\":{\\\\\\\"id\\\\\\\":\\\\\\\"BB4obrR\\\\\\\",\\\\\\\"name\\\\\\\":\\\\\\\"Lao Động\\\\\\\",\\\\\\\"logoUrl\\\\\\\":\\\\\\\"https://img-s-msn-com.akamaized.net/tenant/amp/entityid/AAqrNuc.img\\\\\\\"}},{\\\\\\\"id\\\\\\\":\\\\\\\"AA1a0zs3\\\\\\\",\\\\\\\"type\\\\\\\":\\\\\\\"article\\\\\\\",\\\\\\\"title\\\\\\\":\\\\\\\"Tiền đạo U22 Việt Nam muốn ghi mỗi trận 1 bàn ở SEA Games 32\\\\\\\",\\\\\\\"url\\\\\\\":\\\\\\\"https://www.msn.com/vi-vn/sports/other/tiền-đạo-u22-việt-nam-muốn-ghi-mỗi-trận-1-bàn-ở-sea-games-32/ar-AA1a0zs3\\\\\\\",\\\\\\\"locale\\\\\\\":\\\\\\\"vi-vn\\\\\\\",\\\\\\\"publishedDateTime\\\\\\\":\\\\\\\"2023-04-18T13:13:42Z\\\\\\\",\\\\\\\"images\\\\\\\":[{\\\\\\\"url\\\\\\\":\\\\\\\"https://img-s-msn-com.akamaized.net/tenant/amp/entityid/AA1a0xOS.img\\\\\\\"}],\\\\\\\"provider\\\\\\\":{\\\\\\\"id\\\\\\\":\\\\\\\"BB4obrR\\\\\\\",\\\\\\\"name\\\\\\\":\\\\\\\"Lao Động\\\\\\\",\\\\\\\"logoUrl\\\\\\\":\\\\\\\"https://img-s-msn-com.akamaized.net/tenant/amp/entityid/AAqrNuc.img\\\\\\\"}},{\\\\\\\"id\\\\\\\":\\\\\\\"AA1a1b7B\\\\\\\",\\\\\\\"type\\\\\\\":\\\\\\\"article\\\\\\\",\\\\\\\"title\\\\\\\":\\\\\\\"CLB Công an Hà Nội xác nhận đang đàm phán HLV đội tuyển Thái Lan Mano Polking\\\\\\\",\\\\\\\"url\\\\\\\":\\\\\\\"https://www.msn.com/vi-vn/sports/other/clb-công-an-hà-nội-xác-nhận-đang-đàm-phán-hlv-đội-tuyển-thái-lan-mano-polking/ar-AA1a1b7B\\\\\\\",\\\\\\\"locale\\\\\\\":\\\\\\\"vi-vn\\\\\\\",\\\\\\\"publishedDateTime\\\\\\\":\\\\\\\"2023-04-18T12:28:24Z\\\\\\\",\\\\\\\"images\\\\\\\":[{\\\\\\\"url\\\\\\\":\\\\\\\"https://img-s-msn-com.akamaized.net/tenant/amp/entityid/AA1a111a.img\\\\\\\"}],\\\\\\\"provider\\\\\\\":{\\\\\\\"id\\\\\\\":\\\\\\\"AADJqyY\\\\\\\",\\\\\\\"name\\\\\\\":\\\\\\\"Thế giới & Việt Nam\\\\\\\",\\\\\\\"logoUrl\\\\\\\":\\\\\\\"https://img-s-msn-com.akamaized.net/tenant/amp/entityid/AADJD1E.img\\\\\\\"}}]}\\\",\\\"MostRecentArticlePublishDateTime\\\":\\\"4/19/2023 2:22:50 AM\\\"}}\"},{\"TabType\":\"SportsMatches\",\"TabContent\":\"{\\\"ContentHash\\\":\\\"0BE838C20465170A\\\",\\\"Loc\\\":\\\"NA\\\",\\\"Sport\\\":\\\"Soccer\\\",\\\"League\\\":{\\\"AddSportsInGameCenterUrl\\\":\\\"1\\\",\\\"Id\\\":\\\"Soccer_EnglandPremierLeague\\\",\\\"ImageId\\\":\\\"AAYdj7O\\\",\\\"LeagueStartDateTime\\\":\\\"1659657600000\\\",\\\"Name\\\":\\\"Premier League\\\",\\\"NameLoc\\\":\\\"DisplayText_Soccer_EnglandPremierLeague\\\",\\\"SatoriId\\\":\\\"02bde011-1e9d-3aff-8309-7d07d4031798\\\",\\\"Matches\\\":[{\\\"GameId\\\":\\\"34152307\\\",\\\"GameStartDateTime\\\":\\\"1682103600000\\\",\\\"IsAdaptiveCardAvailable\\\":\\\"False\\\",\\\"Rank\\\":\\\"4\\\",\\\"GameNotificationDetails\\\":{\\\"IsPreGameInjuryEnabled\\\":\\\"true\\\",\\\"IsPreGamePreviousMatchupEnabled\\\":\\\"true\\\"},\\\"GameState\\\":{\\\"State\\\":\\\"PreGame\\\"},\\\"ParticipantOne\\\":{\\\"FeedId\\\":\\\"8b3b4135-cb8e-ded8-10ce-8f130d64b863_FeedIds\\\",\\\"GameCenterUrlSegment\\\":\\\"arsenal-fc\\\",\\\"HomeAwayStatus\\\":\\\"Home\\\",\\\"ImageId\\\":\\\"AAZBXi9\\\",\\\"Loc\\\":\\\"80201000000006145_TeamLocalizedShortName\\\",\\\"Losses\\\":\\\"3\\\",\\\"Name\\\":\\\"Arsenal\\\",\\\"PrimaryColorHex\\\":\\\"e90109\\\",\\\"TeamSatoriId\\\":\\\"8b3b4135-cb8e-ded8-10ce-8f130d64b863\\\",\\\"TeamTriggeringId\\\":\\\"80201000000006145\\\",\\\"Ties\\\":\\\"5\\\",\\\"Wins\\\":\\\"23\\\"},\\\"ParticipantTwo\\\":{\\\"FeedId\\\":\\\"40bd79b9-7090-3079-e8fd-0cf262acd579_FeedIds\\\",\\\"GameCenterUrlSegment\\\":\\\"southampton-fc\\\",\\\"HomeAwayStatus\\\":\\\"Away\\\",\\\"ImageId\\\":\\\"AAZBE2h\\\",\\\"Loc\\\":\\\"80201000000007128_TeamLocalizedShortName\\\",\\\"Losses\\\":\\\"20\\\",\\\"Name\\\":\\\"Southampton\\\",\\\"PrimaryColorHex\\\":\\\"d71920\\\",\\\"TeamSatoriId\\\":\\\"40bd79b9-7090-3079-e8fd-0cf262acd579\\\",\\\"TeamTriggeringId\\\":\\\"80201000000007128\\\",\\\"Ties\\\":\\\"5\\\",\\\"Wins\\\":\\\"6\\\"},\\\"Weather\\\":[[\\\"{0}, {1}\\\",\\\"WeatherForecast\\\",\\\"Temperature\\\"]]},{\\\"GameId\\\":\\\"34152291\\\",\\\"GameStartDateTime\\\":\\\"1681758000000\\\",\\\"IsAdaptiveCardAvailable\\\":\\\"False\\\",\\\"Rank\\\":\\\"1\\\",\\\"GameNotificationDetails\\\":{\\\"IsPostGameStatsAvailable\\\":\\\"true\\\",\\\"IsPostGameVideoEnabled\\\":\\\"true\\\"},\\\"GameState\\\":{\\\"State\\\":\\\"PostGame\\\"},\\\"ParticipantOne\\\":{\\\"FeedId\\\":\\\"a78a459e-d8df-d91b-ba39-9653385a28d0_FeedIds\\\",\\\"GameCenterUrlSegment\\\":\\\"leeds-united\\\",\\\"HomeAwayStatus\\\":\\\"Home\\\",\\\"ImageId\\\":\\\"AAYdygI\\\",\\\"Loc\\\":\\\"80201000000007126_TeamLocalizedShortName\\\",\\\"Losses\\\":\\\"16\\\",\\\"Name\\\":\\\"Leeds United\\\",\\\"PrimaryColorHex\\\":\\\"152f7b\\\",\\\"Score\\\":\\\"1\\\",\\\"TeamSatoriId\\\":\\\"a78a459e-d8df-d91b-ba39-9653385a28d0\\\",\\\"TeamTriggeringId\\\":\\\"80201000000007126\\\",\\\"Ties\\\":\\\"8\\\",\\\"Wins\\\":\\\"7\\\"},\\\"ParticipantTwo\\\":{\\\"FeedId\\\":\\\"8d437035-df45-5e15-5868-05ded77dd0cf_FeedIds\\\",\\\"GameCenterUrlSegment\\\":\\\"liverpool-fc\\\",\\\"HomeAwayStatus\\\":\\\"Away\\\",\\\"ImageId\\\":\\\"AAYcZWr\\\",\\\"IsWinner\\\":\\\"true\\\",\\\"Loc\\\":\\\"80201000000006140_TeamLocalizedShortName\\\",\\\"Losses\\\":\\\"9\\\",\\\"Name\\\":\\\"Liverpool\\\",\\\"PrimaryColorHex\\\":\\\"d00027\\\",\\\"Score\\\":\\\"6\\\",\\\"TeamSatoriId\\\":\\\"8d437035-df45-5e15-5868-05ded77dd0cf\\\",\\\"TeamTriggeringId\\\":\\\"80201000000006140\\\",\\\"Ties\\\":\\\"8\\\",\\\"Wins\\\":\\\"13\\\"}},{\\\"GameId\\\":\\\"34152295\\\",\\\"GameStartDateTime\\\":\\\"1681659000000\\\",\\\"IsAdaptiveCardAvailable\\\":\\\"False\\\",\\\"Rank\\\":\\\"2\\\",\\\"GameNotificationDetails\\\":{\\\"IsPostGameStatsAvailable\\\":\\\"true\\\",\\\"IsPostGameVideoEnabled\\\":\\\"true\\\"},\\\"GameState\\\":{\\\"State\\\":\\\"PostGame\\\"},\\\"ParticipantOne\\\":{\\\"FeedId\\\":\\\"f6defebe-68fa-6434-b489-80e13d276469_FeedIds\\\",\\\"GameCenterUrlSegment\\\":\\\"nottingham-forest\\\",\\\"HomeAwayStatus\\\":\\\"Home\\\",\\\"ImageId\\\":\\\"AA10Q0hr\\\",\\\"Loc\\\":\\\"80201000000007133_TeamLocalizedShortName\\\",\\\"Losses\\\":\\\"16\\\",\\\"Name\\\":\\\"Nottingham\\\",\\\"PrimaryColorHex\\\":\\\"dc0202\\\",\\\"Score\\\":\\\"0\\\",\\\"TeamSatoriId\\\":\\\"f6defebe-68fa-6434-b489-80e13d276469\\\",\\\"TeamTriggeringId\\\":\\\"80201000000007133\\\",\\\"Ties\\\":\\\"9\\\",\\\"Wins\\\":\\\"6\\\"},\\\"ParticipantTwo\\\":{\\\"FeedId\\\":\\\"064ce28e-ed07-a026-2f79-1b321d7548ea_FeedIds\\\",\\\"GameCenterUrlSegment\\\":\\\"manchester-united\\\",\\\"HomeAwayStatus\\\":\\\"Away\\\",\\\"ImageId\\\":\\\"AAZC4yq\\\",\\\"IsWinner\\\":\\\"true\\\",\\\"Loc\\\":\\\"80201000000006157_TeamLocalizedShortName\\\",\\\"Losses\\\":\\\"7\\\",\\\"Name\\\":\\\"Man Utd\\\",\\\"PrimaryColorHex\\\":\\\"d20222\\\",\\\"Score\\\":\\\"2\\\",\\\"TeamSatoriId\\\":\\\"064ce28e-ed07-a026-2f79-1b321d7548ea\\\",\\\"TeamTriggeringId\\\":\\\"80201000000006157\\\",\\\"Ties\\\":\\\"5\\\",\\\"Wins\\\":\\\"18\\\"}},{\\\"GameId\\\":\\\"34152301\\\",\\\"GameStartDateTime\\\":\\\"1681650000000\\\",\\\"IsAdaptiveCardAvailable\\\":\\\"False\\\",\\\"Rank\\\":\\\"3\\\",\\\"GameNotificationDetails\\\":{\\\"IsPostGameStatsAvailable\\\":\\\"true\\\",\\\"IsPostGameVideoEnabled\\\":\\\"true\\\"},\\\"GameState\\\":{\\\"State\\\":\\\"PostGame\\\"},\\\"ParticipantOne\\\":{\\\"FeedId\\\":\\\"a7e8166c-a28b-3ca6-9918-57c74c64e6d6_FeedIds\\\",\\\"GameCenterUrlSegment\\\":\\\"west-ham-united\\\",\\\"HomeAwayStatus\\\":\\\"Home\\\",\\\"ImageId\\\":\\\"AAZBGP4\\\",\\\"Loc\\\":\\\"80201000000006143_TeamLocalizedShortName\\\",\\\"Losses\\\":\\\"15\\\",\\\"Name\\\":\\\"West Ham\\\",\\\"PrimaryColorHex\\\":\\\"540d1a\\\",\\\"Score\\\":\\\"2\\\",\\\"TeamSatoriId\\\":\\\"a7e8166c-a28b-3ca6-9918-57c74c64e6d6\\\",\\\"TeamTriggeringId\\\":\\\"80201000000006143\\\",\\\"Ties\\\":\\\"7\\\",\\\"Wins\\\":\\\"8\\\"},\\\"ParticipantTwo\\\":{\\\"FeedId\\\":\\\"8b3b4135-cb8e-ded8-10ce-8f130d64b863_FeedIds\\\",\\\"GameCenterUrlSegment\\\":\\\"arsenal-fc\\\",\\\"HomeAwayStatus\\\":\\\"Away\\\",\\\"ImageId\\\":\\\"AAZBXi9\\\",\\\"Loc\\\":\\\"80201000000006145_TeamLocalizedShortName\\\",\\\"Losses\\\":\\\"3\\\",\\\"Name\\\":\\\"Arsenal\\\",\\\"PrimaryColorHex\\\":\\\"e90109\\\",\\\"Score\\\":\\\"2\\\",\\\"TeamSatoriId\\\":\\\"8b3b4135-cb8e-ded8-10ce-8f130d64b863\\\",\\\"TeamTriggeringId\\\":\\\"80201000000006145\\\",\\\"Ties\\\":\\\"5\\\",\\\"Wins\\\":\\\"23\\\"}},{\\\"GameId\\\":\\\"34152293\\\",\\\"GameStartDateTime\\\":\\\"1681576200000\\\",\\\"IsAdaptiveCardAvailable\\\":\\\"False\\\",\\\"Rank\\\":\\\"5\\\",\\\"GameNotificationDetails\\\":{\\\"IsPostGameStatsAvailable\\\":\\\"true\\\",\\\"IsPostGameVideoEnabled\\\":\\\"true\\\"},\\\"GameState\\\":{\\\"State\\\":\\\"PostGame\\\"},\\\"ParticipantOne\\\":{\\\"FeedId\\\":\\\"8b357e7d-2cd9-6ebf-30d5-6794f62ce637_FeedIds\\\",\\\"GameCenterUrlSegment\\\":\\\"manchester-city\\\",\\\"HomeAwayStatus\\\":\\\"Home\\\",\\\"ImageId\\\":\\\"AAYcZWp\\\",\\\"IsWinner\\\":\\\"true\\\",\\\"Loc\\\":\\\"80201000000006158_TeamLocalizedShortName\\\",\\\"Losses\\\":\\\"4\\\",\\\"Name\\\":\\\"Man City\\\",\\\"PrimaryColorHex\\\":\\\"223344\\\",\\\"Score\\\":\\\"3\\\",\\\"TeamSatoriId\\\":\\\"8b357e7d-2cd9-6ebf-30d5-6794f62ce637\\\",\\\"TeamTriggeringId\\\":\\\"80201000000006158\\\",\\\"Ties\\\":\\\"4\\\",\\\"Wins\\\":\\\"22\\\"},\\\"ParticipantTwo\\\":{\\\"FeedId\\\":\\\"a95c7a76-0b55-1bc2-7658-f2046c1c4d6a_FeedIds\\\",\\\"GameCenterUrlSegment\\\":\\\"leicester-city\\\",\\\"HomeAwayStatus\\\":\\\"Away\\\",\\\"ImageId\\\":\\\"AAYdwi2\\\",\\\"Loc\\\":\\\"80201000000007127_TeamLocalizedShortName\\\",\\\"Losses\\\":\\\"20\\\",\\\"Name\\\":\\\"Leicester\\\",\\\"PrimaryColorHex\\\":\\\"273e8a\\\",\\\"Score\\\":\\\"1\\\",\\\"TeamSatoriId\\\":\\\"a95c7a76-0b55-1bc2-7658-f2046c1c4d6a\\\",\\\"TeamTriggeringId\\\":\\\"80201000000007127\\\",\\\"Ties\\\":\\\"4\\\",\\\"Wins\\\":\\\"7\\\"}}]}}\"}]},\"Resx\":[\"soccer\",\"Lite\\\\Msn\\\\SoccerTeams\",\"Lite\\\\Soccer\\\\TopScorer\\\\TopScorer\"],\"Trans\":{\"064ce28e-ed07-a026-2f79-1b321d7548ea_FeedIds\":{\"vi-vn\":\"Y_9c135d42-99b4-4c01-9730-7593d32ee6ad\"},\"40bd79b9-7090-3079-e8fd-0cf262acd579_FeedIds\":{\"vi-vn\":\"Y_155eb3ec-05b5-45db-8f29-ae661d463019\"},\"80201000000006140_LeagueTeamLocalizedName\":{\"vi\":\"Liverpool\"},\"80201000000006140_TeamLocalizedShortName\":{\"vi\":\"Liverpool\"},\"80201000000006143_LeagueTeamLocalizedName\":{\"vi\":\"West Ham United\"},\"80201000000006143_TeamLocalizedShortName\":{\"vi\":\"West Ham United\"},\"80201000000006144_LeagueTeamLocalizedName\":{\"vi\":\"Aston Villa\"},\"80201000000006145_LeagueTeamLocalizedName\":{\"vi\":\"Arsenal FC\"},\"80201000000006145_TeamLocalizedShortName\":{\"vi\":\"Arsenal FC\"},\"80201000000006149_LeagueTeamLocalizedName\":{\"vi\":\"Everton FC\"},\"80201000000006151_LeagueTeamLocalizedName\":{\"vi\":\"Newcastle United\"},\"80201000000006154_LeagueTeamLocalizedName\":{\"vi\":\"Tottenham\"},\"80201000000006156_LeagueTeamLocalizedName\":{\"vi\":\"Fulham\"},\"80201000000006157_LeagueTeamLocalizedName\":{\"vi\":\"Manchester United\"},\"80201000000006157_TeamLocalizedShortName\":{\"vi\":\"Manchester United\"},\"80201000000006158_LeagueTeamLocalizedName\":{\"vi\":\"Manchester City\"},\"80201000000006158_TeamLocalizedShortName\":{\"vi\":\"Manchester City\"},\"80201000000006159_LeagueTeamLocalizedName\":{\"vi\":\"Chelsea\"},\"80201000000007126_LeagueTeamLocalizedName\":{\"vi\":\"Leeds United\"},\"80201000000007126_TeamLocalizedShortName\":{\"vi\":\"Leeds United\"},\"80201000000007127_LeagueTeamLocalizedName\":{\"vi\":\"Leicester City\"},\"80201000000007127_TeamLocalizedShortName\":{\"vi\":\"Leicester City\"},\"80201000000007128_LeagueTeamLocalizedName\":{\"vi\":\"Southampton FC\"},\"80201000000007128_TeamLocalizedShortName\":{\"vi\":\"Southampton FC\"},\"80201000000007131_LeagueTeamLocalizedName\":{\"vi\":\"Crystal Palace\"},\"80201000000007133_LeagueTeamLocalizedName\":{\"vi\":\"Nottingham Forest\"},\"80201000000007133_TeamLocalizedShortName\":{\"vi\":\"Nottingham Forest\"},\"80201000000007140_LeagueTeamLocalizedName\":{\"vi\":\"Wolverhampton Wanderers\"},\"80201000000008257_LeagueTeamLocalizedName\":{\"vi\":\"Brighton & Hove Albion\"},\"80201000000008260_LeagueTeamLocalizedName\":{\"vi\":\"Bournemouth\"},\"80201000000008267_LeagueTeamLocalizedName\":{\"vi\":\"Brentford FC\"},\"8b357e7d-2cd9-6ebf-30d5-6794f62ce637_FeedIds\":{\"vi-vn\":\"Y_f8501080-0851-4ec4-877c-9afb5eebf118\"},\"8b3b4135-cb8e-ded8-10ce-8f130d64b863_FeedIds\":{\"vi-vn\":\"Y_154c4188-1dd3-4786-a5a5-803a88fdd9aa\"},\"8d437035-df45-5e15-5868-05ded77dd0cf_FeedIds\":{\"vi-vn\":\"Y_81af088a-0498-4912-a9e4-147c31c1b70c\"},\"DisplayText_Soccer_EnglandPremierLeague\":{\"vi\":\"Premier League\"},\"FreText_Footer;League=Premier League\":{\"vi-vn\":\"Xem thêm Premier League\"},\"FreText_LeagueAlreadyStarted;League=Premier League\":{\"vi-vn\":\"Premier League đã có mặt!\"},\"TaskbarText_LeagueInSeason\":{\"vi-vn\":\"Đã vào mùa\"},\"TaskbarText_NGamesToday;N=5\":{\"vi-vn\":\"5 Trận đấu Hôm nay\"},\"TaskbarText_News\":{\"en\":\"News\"},\"UrlSegment_Soccer_EnglandPremierLeague\":{\"vi\":\"soccer/premier-league\"},\"UrlSegment_gamecenter\":{\"vi\":\"game-center\"},\"UrlSegment_schedule\":{\"vi\":\"schedule\"},\"UrlSegment_score\":{\"vi\":\"scores\"},\"UrlSegment_team\":{\"vi-vn\":\"team\"},\"UrlSegment_verticalname_sports\":{\"vi\":\"sports\"},\"a78a459e-d8df-d91b-ba39-9653385a28d0_FeedIds\":{\"vi-vn\":\"Y_eb52c794-a220-4437-b017-01a86eef01de\"},\"a7e8166c-a28b-3ca6-9918-57c74c64e6d6_FeedIds\":{\"vi-vn\":\"Y_09838f3e-8cbc-4d5b-be6e-a4856a84f8c7\"},\"a95c7a76-0b55-1bc2-7658-f2046c1c4d6a_FeedIds\":{\"vi-vn\":\"Y_98423985-3903-49ad-9a08-d9295704e6d2\"},\"f6defebe-68fa-6434-b489-80e13d276469_FeedIds\":{\"vi-vn\":\"Y_f4e62330-539e-4d51-b54b-c0c565a7a089\"}}}","dataType":"TeamVsTeam","cardId":29}]},{"template":"halfu","cards":[{"id":"AA1a1PCl","type":"article","title":"Nước cờ sai lầm của Dương Hoàng Yến?","abstract":"TPO - Kết hợp cùng nhóm producer DTAP hiện là công thức hiệu quả để tạo hit trên thị trường nhạc Việt hiện tại. Nhưng với \"Cân cả thế giới\" của Dương Hoàng Yến, điều đó khó xảy ra.","url":"https://www.msn.com/vi-vn/entertainment/news/nước-cờ-sai-lầm-của-dương-hoàng-yến/ar-AA1a1PCl","locale":"vi-vn","isLocalContent":false,"publishedDateTime":"2023-04-19T00:34:34Z","feed":{"id":"Y_0259a8c9-3b92-444e-8cb6-41b941121086","feedName":"Giải trí","lastFreActionTimestamp":0},"isFeatured":false,"images":[{"width":1920,"height":1280,"url":"https://th.bing.com/th?id=ORMS.fce31f3d7549ff6ff01b9f02f4891486&pid=Wdp","title":"Dương Hoàng Yến trong MV mới.","caption":"Dương Hoàng Yến trong MV mới.","focalRegion":{"x1":488,"x2":545,"y1":170,"y2":227},"source":"msn","colorSamples":[{"isDarkMode":true,"hexColor":"#262E23","isGreyScale":false},{"isDarkMode":false,"hexColor":"#D9DCBC","isGreyScale":false}]}],"colorSamples":[{"isDarkMode":true,"hexColor":"#262E23","isGreyScale":false},{"isDarkMode":false,"hexColor":"#D9DCBC","isGreyScale":false}],"provider":{"id":"BBzjdiV","name":"Tiền Phong","logoUrl":"https://img-s-msn-com.akamaized.net/tenant/amp/entityid/BBzKiqv.img","profileId":"vid-k8q7rwhyq2fr2q5fqkg4cdbwpkxtyxhdb9j70q37if8w453qhyes"},"category":"entertainment","reactionSummary":{"totalCount":13,"subReactionSummaries":[{"totalCount":7,"type":"downvote"},{"totalCount":6,"type":"upvote"}]},"reactionStatus":"on","commentStatus":"off","position":0,"cardId":15,"recoId":"foHz_ogEwXwIUSXSXFLFSPSgAm"},{"id":"AA1a0hYq","type":"article","title":"Nữ tài xế xe tải tự kinh doanh, một năm sau kiếm được hàng chục tỉ đồng","abstract":"Một nữ tài xế xe tải chưa đến 30 tuổi đã thành lập công ty vận chuyển, dù tự bản thân không hề rủng rỉnh, cũng không chật vật đi vay.","url":"https://www.msn.com/vi-vn/news/techandscience/nữ-tài-xế-xe-tải-tự-kinh-doanh-một-năm-sau-kiếm-được-hàng-chục-tỉ-đồng/ar-AA1a0hYq","locale":"vi-vn","isLocalContent":false,"publishedDateTime":"2023-04-18T12:00:00Z","feed":{"id":"Y_51caace3-d1a4-4730-a55d-74d11b29fe8b","feedName":"Khoa học & Công nghệ","lastFreActionTimestamp":0},"isFeatured":false,"images":[{"width":730,"height":548,"url":"https://th.bing.com/th?id=ORMS.d7bc88fb933a40cdc8e112e767f27ed5&pid=Wdp","title":"Nữ tài xế xe tải tự kinh doanh, một năm sau kiếm được hàng chục tỉ đồng - Ảnh 1.","caption":"Nữ tài xế xe tải tự kinh doanh, một năm sau kiếm được hàng chục tỉ đồng - Ảnh 1.","focalRegion":{"x1":294,"x2":436,"y1":129,"y2":271},"source":"msn","colorSamples":[{"isDarkMode":true,"hexColor":"#4F4145","isGreyScale":false},{"isDarkMode":false,"hexColor":"#B7DAF7","isGreyScale":false}]}],"colorSamples":[{"isDarkMode":true,"hexColor":"#4F4145","isGreyScale":false},{"isDarkMode":false,"hexColor":"#B7DAF7","isGreyScale":false}],"provider":{"id":"BB7btxS","name":"Tuổi trẻ","logoUrl":"https://img-s-msn-com.akamaized.net/tenant/amp/entityid/BB9mld4.img","profileId":"vid-adb6aa4wy4eg04xf65wiajnh5ft6ms7u84fu2a6iub5pt2sjvgsa"},"category":"news","reactionSummary":{"totalCount":4,"subReactionSummaries":[{"totalCount":3,"type":"upvote"},{"totalCount":1,"type":"downvote"}]},"reactionStatus":"on","commentStatus":"off","position":0,"cardId":16,"recoId":"foHz_ogEwXwIUSXSXFLFSPSgAm"}]},{"template":"halfu","cards":[{"id":"AA1a0Tzy","type":"article","title":"Vì sao nhất định không được làm vỡ gương?","abstract":"Trong phong thủy, gương vỡ được coi là một dấu hiệu xấu và có thể đem lại điềm báo không tốt. Gương là một vật dụng phong thủy quan trọng, được coi là thước đo tình trạng tài lộc và tình hình gia đình trong nhà... Làm vỡ gương báo điềm gì? Theo quan niệm dân gian, vô tình làm vỡ gương chính là điềm báo dành cho bạn. Còn điềm báo đó có tốt hay xấu thì lại phụ thuộc vào quan niệm của mỗi vùng miền, mỗi nơi đều có quan niệm khác nhau. Nhưng đa số...","url":"https://www.msn.com/vi-vn/news/national/vì-sao-nhất-định-không-được-làm-vỡ-gương/ar-AA1a0Tzy","locale":"vi-vn","isLocalContent":false,"publishedDateTime":"2023-04-19T02:03:00Z","feed":{"id":"Y_6b22ec83-135a-4f53-a3f3-417268aa97b5","feedName":"Tin trong nước","lastFreActionTimestamp":0},"isFeatured":false,"images":[{"width":720,"height":477,"url":"https://th.bing.com/th?id=ORMS.86b39b4b7146eb9e2be657ef88fe4cbb&pid=Wdp","title":"Vì sao nhất định không được làm vỡ gương? - 1","caption":"<a>Hình minh hoạ.</a>","source":"msn","colorSamples":[{"isDarkMode":true,"hexColor":"#DFDACB","isGreyScale":false},{"isDarkMode":false,"hexColor":"#DFDACB","isGreyScale":false}]}],"colorSamples":[{"isDarkMode":true,"hexColor":"#DFDACB","isGreyScale":false},{"isDarkMode":false,"hexColor":"#DFDACB","isGreyScale":false}],"provider":{"id":"BBLaap","name":"VTC","logoUrl":"https://img-s-msn-com.akamaized.net/tenant/amp/entityid/BBZJRUS.img","profileId":"vid-s3sn65i6jf4e0yc20waiwm645k4973vnj0rat5d009n9u8ihix9a"},"category":"news","reactionSummary":{"totalCount":1,"subReactionSummaries":[{"totalCount":1,"type":"upvote"}]},"reactionStatus":"on","commentStatus":"off","position":0,"cardId":17,"recoId":"foHz_ogEwXwIUSXSXFLFSPSgAm"},{"id":"AA1a0eq6","type":"article","title":"Kết quả xác minh vụ người phụ nữ nước ngoài tử vong sau phẫu thuật thẩm mĩ ở TPHCM","abstract":"Thanh tra Sở Y tế TP Hồ Chí Minh đã báo cáo Thanh tra Bộ Y tế về trường hợp tử vong của người bệnh L.S.B. Trước đó, người này phẫu thuật tại Bệnh viện Chuyên khoa Phẫu thuật Thẩm mĩ Korean Star - Sao Hàn (Quận 10).","url":"https://www.msn.com/vi-vn/news/national/kết-quả-xác-minh-vụ-người-phụ-nữ-nước-ngoài-tử-vong-sau-phẫu-thuật-thẩm-mĩ-ở-tphcm/ar-AA1a0eq6","locale":"vi-vn","isLocalContent":false,"publishedDateTime":"2023-04-18T10:17:23Z","feed":{"id":"Y_73d9995f-55f4-4d8c-b8a8-4392e03241e4","feedName":"Pháp luật","lastFreActionTimestamp":0},"isFeatured":false,"images":[{"width":1060,"height":667,"url":"https://th.bing.com/th?id=ORMS.f6f28c07f84dd19baa4ccd6d7bda0e8a&pid=Wdp","title":"Kết quả xác minh vụ người phụ nữ nước ngoài tử vong sau phẫu thuật thẩm mĩ ở TPHCM","focalRegion":{"x1":120,"x2":400,"y1":120,"y2":400},"source":"msn","colorSamples":[{"isDarkMode":true,"hexColor":"#F4F6F6","isGreyScale":false},{"isDarkMode":false,"hexColor":"#F4F6F6","isGreyScale":false}]}],"colorSamples":[{"isDarkMode":true,"hexColor":"#F4F6F6","isGreyScale":false},{"isDarkMode":false,"hexColor":"#F4F6F6","isGreyScale":false}],"provider":{"id":"BB4obrR","name":"Lao Động","logoUrl":"https://img-s-msn-com.akamaized.net/tenant/amp/entityid/AAqrNuc.img","profileId":"vid-ntw6qj4wffh89cyxd4vfw705eb9tcnxyar78sng5isgic6wsjhia"},"category":"news","reactionSummary":{"totalCount":2,"subReactionSummaries":[{"totalCount":2,"type":"downvote"}]},"reactionStatus":"on","commentStatus":"off","position":0,"cardId":18,"recoId":"foHz_ogEwXwIUSXSXFLFSPSgAm"}]},{"template":"halfu","cards":[{"id":"AA19Zfhh","type":"article","title":"Canada tịch thu máy bay chở hàng của Nga để giao cho Ukraine","abstract":"Thủ tướng Ukraine Denys Shmyhal mới đây thông báo Canada đã đồng ý bàn giao cho Ukraine chiếc Antonov An-124 mà Ottawa tịch thu của Nga.","url":"https://www.msn.com/vi-vn/news/world/canada-tịch-thu-máy-bay-chở-hàng-của-nga-để-giao-cho-ukraine/ar-AA19Zfhh","locale":"vi-vn","isLocalContent":false,"publishedDateTime":"2023-04-18T04:32:15Z","feed":{"id":"Y_f3f67709-5061-4743-a0a0-189954ec940e","feedName":"Tin nổi bật","lastFreActionTimestamp":0},"isFeatured":false,"images":[{"width":730,"height":432,"url":"https://th.bing.com/th?id=ORMS.802fffc99795f70c1e2f9d99d87f2078&pid=Wdp","title":"Canada tịch thu máy bay chở hàng của Nga để giao cho Ukraine - Ảnh 1.","caption":"Canada tịch thu máy bay chở hàng của Nga để giao cho Ukraine - Ảnh 1.","source":"msn","colorSamples":[{"isDarkMode":true,"hexColor":"#DED7C9","isGreyScale":false},{"isDarkMode":false,"hexColor":"#DED7C9","isGreyScale":false}]}],"colorSamples":[{"isDarkMode":true,"hexColor":"#DED7C9","isGreyScale":false},{"isDarkMode":false,"hexColor":"#DED7C9","isGreyScale":false}],"provider":{"id":"BB7btxS","name":"Tuổi trẻ","logoUrl":"https://img-s-msn-com.akamaized.net/tenant/amp/entityid/BB9mld4.img","profileId":"vid-adb6aa4wy4eg04xf65wiajnh5ft6ms7u84fu2a6iub5pt2sjvgsa"},"category":"news","reactionSummary":{"totalCount":83,"subReactionSummaries":[{"totalCount":51,"type":"downvote"},{"totalCount":32,"type":"upvote"}]},"reactionStatus":"on","commentStatus":"off","position":0,"cardId":19,"recoId":"foHz_ogEwXwIUSXSXFLFSPSgAm"},{"id":"AA19Z6Nw","type":"article","title":"Truyện tranh nổi tiếng Conan bị tẩy chay vì các cảnh ngôn tình","abstract":"Phim điện ảnh ‘Thám tử lừng danh Conan: Tàu ngầm sắt màu đen’ nhận làn sóng chỉ trích từ khán giả vì cảnh hôn giữa Conan và Haibara.","url":"https://www.msn.com/vi-vn/entertainment/news/truyện-tranh-nổi-tiếng-conan-bị-tẩy-chay-vì-các-cảnh-ngôn-tình/ar-AA19Z6Nw","locale":"vi-vn","isLocalContent":false,"publishedDateTime":"2023-04-18T02:07:31Z","feed":{"id":"Y_0259a8c9-3b92-444e-8cb6-41b941121086","feedName":"Giải trí","lastFreActionTimestamp":0},"isFeatured":false,"images":[{"width":730,"height":516,"url":"https://th.bing.com/th?id=ORMS.4f83d15da33445a60720e249cf749714&pid=Wdp","title":"Truyện tranh nổi tiếng Conan bị tẩy chay vì các cảnh ngôn tình - Ảnh 1.","caption":"Truyện tranh nổi tiếng Conan bị tẩy chay vì các cảnh ngôn tình - Ảnh 1.","source":"msn","colorSamples":[{"isDarkMode":true,"hexColor":"#1E2C46","isGreyScale":false},{"isDarkMode":false,"hexColor":"#EFF1EC","isGreyScale":false}]}],"colorSamples":[{"isDarkMode":true,"hexColor":"#1E2C46","isGreyScale":false},{"isDarkMode":false,"hexColor":"#EFF1EC","isGreyScale":false}],"provider":{"id":"BB7btxS","name":"Tuổi trẻ","logoUrl":"https://img-s-msn-com.akamaized.net/tenant/amp/entityid/BB9mld4.img","profileId":"vid-adb6aa4wy4eg04xf65wiajnh5ft6ms7u84fu2a6iub5pt2sjvgsa"},"category":"entertainment","reactionSummary":{"totalCount":181,"subReactionSummaries":[{"totalCount":118,"type":"downvote"},{"totalCount":63,"type":"upvote"}]},"reactionStatus":"on","commentStatus":"off","position":0,"cardId":20,"recoId":"foHz_ogEwXwIUSXSXFLFSPSgAm"}]}],"useRotPos":false,"templateVariant":"prg-1sw-8sd3rac-demotion"}},"isPartial":false}