{"stats":{"minecraft:custom":{"minecraft:jump":34,"minecraft:time_since_rest":30971,"minecraft:leave_game":1,"minecraft:crouch_one_cm":1374,"minecraft:damage_taken":10,"minecraft:sprint_one_cm":3080,"minecraft:play_time":30971,"minecraft:walk_on_water_one_cm":1382,"minecraft:time_since_death":30971,"minecraft:walk_one_cm":17912,"minecraft:sneak_time":664,"minecraft:total_world_time":41377,"minecraft:walk_under_water_one_cm":15568,"minecraft:fall_one_cm":335,"minecraft:fly_one_cm":110887},"minecraft:used":{"minecraft:oak_sign":1,"minecraft:stone":6}},"DataVersion":2975}